Region,Indicator,1800,1801,1802,1803,1804,1805,1806,1807,1808,1809,1810,1811,1812,1813,1814,1815,1816,1817,1818,1819,1820,1821,1822,1823,1824,1825,1826,1827,1828,1829,1830,1831,1832,1833,1834,1835,1836,1837,1838,1839,1840,1841,1842,1843,1844,1845,1846,1847,1848,1849,1850,1851,1852,1853,1854,1855,1856,1857,1858,1859,1860,1861,1862,1863,1864,1865,1866,1867,1868,1869,1870,1871,1872,1873,1874,1875,1876,1877,1878,1879,1880,1881,1882,1883,1884,1885,1886,1887,1888,1889,1890,1891,1892,1893,1894,1895,1896,1897,1898,1899,1900,1901,1902,1903,1904,1905,1906,1907,1908,1909,1910,1911,1912,1913,1914,1915,1916,1917,1918,1919,1920,1921,1922,1923,1924,1925,1926,1927,1928,1929,1930,1931,1932,1933,1934,1935,1936,1937,1938,1939,1940,1941,1942,1943,1944,1945,1946,1947,1948,1949,1950,1951,1952,1953,1954,1955,1956,1957,1958,1959,1960,1961,1962,1963,1964,1965,1966,1967,1968,1969,1970,1971,1972,1973,1974,1975,1976,1977,1978,1979,1980,1981,1982,1983,1984,1985,1986,1987,1988,1989,1990,1991,1992,1993,1994,1995,1996,1997,1998,1999,2000,2001,2002,2003,2004,2005,2006,2007,2008,2009,2010,2011,2012,2013,2014,2015,2016,2017,2018,2019,2020,2021,2022,2023,2024,2025,2026,2027,2028,2029,2030,2031,2032,2033,2034,2035,2036,2037,2038,2039,2040,2041,2042,2043,2044,2045,2046,2047,2048,2049,2050,2051,2052,2053,2054,2055,2056,2057,2058,2059,2060,2061,2062,2063,2064,2065,2066,2067,2068,2069,2070,2071,2072,2073,2074,2075,2076,2077,2078,2079,2080,2081,2082,2083,2084,2085,2086,2087,2088,2089,2090,2091,2092,2093,2094,2095,2096,2097,2098,2099,2100
Africa,Income_per_person,544.1906901,543.7311583,543.2757663,542.7259323,542.1521368,540.5803638,540.2591623,541.7343854,538.3162237,537.4048333,539.0378459,533.829829,533.5888572,537.7115878,537.3046023,532.7337092,532.8406086,532.9336423,533.6195729,529.895744,529.185308,533.0863102,532.1179799,533.2611616,534.4526888,535.8416061,537.0833977,538.391382,539.8178354,541.2775461,541.5316573,542.069315,543.5562101,545.1598286,547.0234503,548.8187547,550.5263737,552.2448931,554.0993422,556.2760294,558.5832042,560.7350126,563.1180444,565.9784822,568.4649076,571.0120667,573.4603642,576.1399776,580.4288806,584.4995303,588.488663,594.6152697,597.1605609,600.4157506,600.3371966,603.7125432,597.4520319,603.7893696,600.2603571,602.1212836,604.3069058,603.4359505,596.2133148,598.8851469,609.8425546,601.6973478,603.9620271,610.0781078,611.4237359,612.2127588,615.4688982,617.1498931,635.3269248,629.692347,629.0965134,635.4423202,642.5922385,641.1516293,641.5882274,648.4452257,658.4108428,656.2534616,654.2907156,642.1348377,638.9707174,633.7172849,640.9248613,647.6092908,654.5880974,654.7183833,655.7214663,658.3383253,657.3802343,657.2773408,655.8376217,663.9637414,666.3955407,662.7187139,674.7169792,666.5921548,648.2748603,652.0087828,662.8528964,683.9255534,685.9292728,692.9115891,701.9709902,702.3339768,684.53816,690.8970725,675.7732461,681.7835556,685.4587743,690.6396229,696.5808613,705.8744723,710.6377126,718.8852944,720.3327146,741.2172561,741.895415,749.0356131,761.3160149,771.0980977,781.5385139,792.7158846,802.8456058,808.9931337,824.1728024,830.5730007,828.298351,832.7456897,839.3709555,859.0834565,880.371368,903.4539333,926.7284761,947.8034251,949.7665308,967.7382528,986.1346014,1003.531331,1019.354103,1034.55752,1052.019699,1068.257495,1083.243815,1094.411482,1122.071702,1140.841956,1174.793579,1217.423476,1251.328637,1278.617101,1321.165411,1341.983214,1373.646331,1402.066557,1417.261186,1470.016683,1525.460973,1532.592952,1558.565069,1648.618057,1719.187808,1772.945672,1788.906446,1790.001912,1848.103447,1958.369535,2099.400648,2170.003437,2245.362548,2301.668712,2414.469553,2432.507711,2565.452188,2651.427425,2692.717435,2770.709774,2850.705563,2854.167759,2881.112578,2852.664698,2897.666033,2964.776738,2998.559314,3026.111303,3119.88706,3180.205998,3223.62946,3251.043087,3255.85131,3245.26421,3293.562592,3383.539987,3555.173817,3681.757671,3788.861112,3887.3631,4012.949485,4139.194778,4300.173631,4462.447431,4670.839872,4888.494736,5114.105142,5348.609892,5539.620281,5611.224163,5815.382023,5853.34363,6088.939592,6212.603817,6346.597125,6465.179727,6515.065215,6653.561113,6783.228396,6882.007582,6660.166437,6897.575536,7095.766933,7226.988946,7405.872685,7626.076577,7842.474289,8102.784157,8401.382769,8743.537267,8745.655953,9004.798074,9270.168022,9542.076304,9820.736293,10106.0917,10398.18433,10697.18928,11003.13319,11315.98153,11635.62811,11962.33797,12296.0091,12636.60458,12984.45616,13339.26479,13701.17731,14070.47884,14447.10591,14831.36976,15223.78527,15624.24912,16032.50765,16448.66188,16872.84248,17305.31479,17746.43092,18196.19973,18654.29257,19120.8478,19595.97106,20079.98914,20573.43154,21075.57203,21586.24548,22105.50011,22633.45331,23170.58743,23717.03672,24273.15319,24838.99381,25414.42325,25999.37328,26593.70129,27197.57774,27811.26528,28434.99463,29069.0762,29712.96796,30366.54844,31030.10888,31703.83832,32387.77252,33081.65859,33785.82316,34499.85739,35223.39894,35956.85574,36700.26265,37453.71966,38216.99705,38990.22097,39773.67919,40566.73947,41369.08565,42180.95702,43002.72919,43834.13779,44674.93433,45525.19094,46385.05821
Africa,GDP_total,70995839032,71096643103,71203497362,71303420360,71405570864,71381286591,71527187692,71917031182,71662229201,71745192396,72184659117,71713340093,71921714780,72734967266,72950861364,72612471324,72922982086,73245487421,73663838916,73517986696,73833513262,74840749397,75213557868,75936743492,76683653923,77476265600,78265334684,79081982636,79934487388,80796361285,81481191498,82210360237,83078891183,83961660342,84895666505,85830667298,86763548863,87709827953,88689744686,89723316686,90780495474,91814873769,92889576254,94046275760,95155089618,96288180822,97418914503,98603657950,100081000000,101508000000,102906000000,104653000000,105754000000,106961000000,107584000000,108837000000,108356000000,110167000000,110189000000,111200000000,112279000000,112794000000,112114000000,113292000000,116059000000,115200000000,116333000000,118224000000,119205000000,120101000000,121507000000,122595000000,127043000000,126769000000,127511000000,129677000000,132036000000,132649000000,133658000000,136059000000,139183000000,139804000000,140511000000,139056000000,139543000000,139581000000,142392000000,145139000000,148006000000,149328000000,150840000000,152716000000,153749000000,154963000000,155876000000,159094000000,160986000000,161419000000,165706000000,165096000000,161944000000,164306000000,168532000000,175471000000,177596000000,181054000000,185119000000,186938000000,183907000000,187155000000,184384000000,187160000000,189144000000,191367000000,193829000000,197258000000,199454000000,202662000000,203999000000,211099000000,212708000000,216420000000,221899000000,226950000000,232279000000,237917000000,243331000000,247616000000,254758000000,259213000000,260934000000,264739000000,269228000000,277947000000,287319000000,297432000000,307773000000,317545000000,321013000000,330038000000,339413000000,348658000000,357572000000,366491000000,376391000000,386043000000,395430000000,403594000000,418065000000,429799000000,448123000000,470459000000,490554000000,508972000000,534278000000,551572000000,574060000000,595976000000,612831000000,646595000000,682590000000,697721000000,721583000000,775820000000,822101000000,861187000000,882437000000,896512000000,939292000000,1009540000000,1097190000000,1149470000000,1205380000000,1251810000000,1330120000000,1356630000000,1448220000000,1515380000000,1557900000000,1624130000000,1693640000000,1717740000000,1757250000000,1764480000000,1818170000000,1887110000000,1937000000000,1984770000000,2076740000000,2147040000000,2205560000000,2251480000000,2280570000000,2299550000000,2361500000000,2452910000000,2602770000000,2721310000000,2828450000000,2931390000000,3056960000000,3185400000000,3342850000000,3503530000000,3704150000000,3918620000000,4146650000000,4389230000000,4601940000000,4719450000000,4952650000000,5048100000000,5319770000000,5502220000000,5698500000000,5881790000000,6005940000000,6216360000000,6421980000000,6600020000000,6460850000000,6760030000000,7027940000000,7235760000000,7495780000000,7803700000000,8113760000000,8475850000000,8885310000000,9348930000000,9453490000000,9839440000000,10238900000000,10652300000000,11080200000000,11522700000000,11979900000000,12452300000000,12940000000000,13443300000000,13962300000000,14497500000000,15048700000000,15616200000000,16200100000000,16800500000000,17417700000000,18052100000000,18703600000000,19372300000000,20058600000000,20762500000000,21484100000000,22223900000000,22981900000000,23758400000000,24554200000000,25369600000000,26204300000000,27058100000000,27932000000000,28826700000000,29742500000000,30679200000000,31636700000000,32615000000000,33614100000000,34635100000000,35678000000000,36742400000000,37828300000000,38936000000000,40066100000000,41218100000000,42391700000000,43586600000000,44802800000000,46040300000000,47299400000000,48580300000000,49882800000000,51207000000000,52552800000000,53919500000000,55307300000000,56715800000000,58144200000000,59592300000000,61060500000000,62547800000000,64053400000000,65577700000000,67120600000000,68681800000000,70260700000000,71856700000000,73469000000000,75097200000000,76741200000000,78401100000000,80075900000000
Africa,GDP_growth,NA,-0.08,-0.08,-0.1,-0.11,-0.29,-0.06,0.27,-0.63,-0.17,0.3,-0.97,-0.05,0.77,-0.08,-0.85,0.02,0.02,0.13,-0.7,-0.13,0.74,-0.18,0.21,0.22,0.26,0.23,0.24,0.26,0.27,0.05,0.1,0.27,0.3,0.34,0.33,0.31,0.31,0.34,0.39,0.41,0.39,0.42,0.51,0.44,0.45,0.43,0.47,0.74,0.7,0.68,1.04,0.43,0.55,-0.01,0.56,-1.04,1.06,-0.58,0.31,0.36,-0.14,-1.2,0.45,1.83,-1.34,0.38,1.01,0.22,0.13,0.53,0.27,2.95,-0.89,-0.09,1.01,1.13,-0.22,0.07,1.07,1.54,-0.33,-0.3,-1.86,-0.49,-0.82,1.14,1.04,1.08,0.02,0.15,0.4,-0.15,-0.02,-0.22,1.24,0.37,-0.55,1.81,-1.2,-2.75,0.58,1.66,3.18,0.29,1.02,1.31,0.05,-2.53,0.93,-2.19,0.89,0.54,0.76,0.86,1.33,0.67,1.16,0.2,2.9,0.09,0.96,1.64,1.28,1.35,1.43,1.28,0.77,1.88,0.78,-0.27,0.54,0.8,2.35,2.48,2.62,2.58,2.27,0.21,1.89,1.9,1.76,1.58,1.49,1.69,1.54,1.4,1.03,2.53,1.67,2.98,3.63,2.78,2.18,3.33,1.58,2.36,2.07,1.08,3.72,3.77,0.47,1.69,5.78,4.28,3.13,0.9,0.06,3.25,5.97,7.2,3.36,3.47,2.51,4.9,0.75,5.47,3.35,1.56,2.9,2.89,0.12,0.94,-0.99,1.58,2.32,1.14,0.92,3.1,1.93,1.37,0.85,0.15,-0.33,1.49,2.73,5.07,3.56,2.91,2.6,3.23,3.15,3.89,3.77,4.67,4.66,4.62,4.59,3.57,1.29,3.64,0.65,4.02,2.03,2.16,1.87,0.77,2.13,1.95,1.46,-3.22,3.56,2.87,1.85,2.48,2.97,2.84,3.32,3.69,4.07,0.02,2.96,2.95,2.93,2.92,2.91,2.89,2.88,2.86,2.84,2.82,2.81,2.79,2.77,2.75,2.73,2.71,2.7,2.68,2.66,2.65,2.63,2.61,2.6,2.58,2.56,2.55,2.53,2.52,2.5,2.48,2.47,2.46,2.44,2.42,2.41,2.39,2.37,2.36,2.34,2.33,2.32,2.3,2.29,2.27,2.26,2.24,2.23,2.22,2.2,2.19,2.17,2.16,2.14,2.13,2.11,2.1,2.08,2.07,2.05,2.04,2.02,2.01,1.99,1.98,1.96,1.95,1.93,1.92,1.9,1.89
Asia,Income_per_person,2447.76671,2443.923951,2437.082065,2430.236004,2423.418022,2416.615423,2409.787646,2403.010238,2396.255279,2389.443617,2386.18297,2383.548964,2382.14137,2381.806006,2381.302696,2377.64675,2381.319434,2380.10677,2378.365825,2377.112376,2374.617699,2371.366048,2370.656079,2368.329489,2363.227125,2362.046185,2362.332408,2359.966296,2356.052907,2350.025288,2343.194965,2339.78328,2334.760326,2329.933415,2325.04169,2316.87305,2309.022037,2305.042516,2298.037629,2290.176959,2286.747147,2280.178769,2274.618698,2268.579092,2261.71273,2253.211213,2246.519137,2240.409664,2236.83966,2227.342083,2216.593698,2214.460447,2204.338711,2196.205751,2181.839846,2172.925347,2168.315814,2153.935216,2145.055558,2139.223944,2130.304229,2122.279169,2110.090913,2103.267311,2096.847444,2090.597423,2085.680722,2083.035645,2075.106419,2068.848992,2068.629899,2065.99193,2068.213919,2069.941881,2069.508938,2074.932715,2074.249388,2076.963228,2081.782649,2080.80852,2097.722044,2104.837786,2098.051058,2099.804025,2104.447465,2123.287131,2103.6152,2141.565986,2145.735711,2144.365161,2197.539149,2123.15221,2183.698486,2203.85197,2239.839898,2219.203654,2163.709696,2280.16154,2324.22079,2260.578453,2292.986059,2297.753293,2332.439409,2362.210369,2354.248955,2317.18594,2354.948563,2307.723713,2311.493209,2409.332581,2421.132859,2423.976136,2471.122185,2517.93582,2560.15039,2567.894802,2641.030552,2651.072753,2557.072156,2693.155581,2610.994901,2692.995954,2732.215532,2698.136869,2749.94816,2770.914134,2795.00465,2793.227614,2823.054942,2866.718215,2823.475473,2780.741121,2811.52984,2735.357381,2746.440208,2805.517532,2911.273942,2910.178553,2885.594661,2930.990451,2958.109998,2947.313468,2847.328432,2806.543784,2697.369128,2284.380975,2216.114571,2236.918389,2297.845235,2319.167336,2335.383234,2463.914701,2572.358119,2709.862633,2693.671842,2766.196299,2866.839588,2892.90457,2928.548063,2955.745797,3032.68847,3021.718937,3115.291839,3251.274044,3460.005058,3550.383054,3659.02501,3781.611573,3947.150255,4209.525904,4417.496743,4538.810209,4665.561022,4902.218709,4900.794938,4945.908423,5058.093034,5174.093364,5283.112141,5354.229552,5377.597626,5430.330149,5456.649085,5540.479908,5667.622007,5770.434178,5851.840269,6025.26118,6278.699419,6411.678679,6591.500363,6713.888652,6896.965719,7044.402455,7245.545109,7499.73235,7768.601081,7902.980319,7822.540618,7974.753656,8241.393217,8357.838157,8546.352361,8854.987857,9272.802473,9675.130728,10144.74054,10693.38639,10962.70301,11135.74076,11750.46309,12265.33875,12711.97852,13194.77866,13706.88174,14226.35954,14814.69987,15374.7705,15941.38012,16368.67058,15965.52997,16812.90412,17340.62602,17871.79326,18380.93653,18921.7733,19476.407329999998,20081.38628,20772.98914,21542.42965,21559.69547,21831.62054,22105.88429,22382.48826,22661.21586,22942.25747,23226.00834,23512.49688,23801.75262,24093.80276,24388.66144,24686.16858,24986.27194,25288.51942,25592.65447,25898.33763,26205.04474,26512.45756,26819.93133,27127.07578,27433.42068,27738.74756,28043.0529,28346.26047,28648.2879,28948.87553,29248.10989,29546.37436,29844.23479,30142.1455,30440.35665,30739.2894,31039.00419,31340.22945,31643.64039,31949.34282,32257.70322,32568.59905,32881.88223,33197.73084,33516.34256,33837.60863,34161.15837,34486.52182,34813.63868,35142.28321,35471.73126,35801.72754,36132.13486,36462.6711,36793.30462,37124.01973,37454.91297,37785.95518,38117.18166,38449.01579,38781.87224,39115.70137,39450.36771,39786.16086,40123.27332,40461.37146,40800.18391,41139.56518,41479.43316,41819.66797,42159.76695,42499.43837,42838.5343,43176.81332,43513.83931
Asia,GDP_total,915144000000,916488000000,916724000000,916971000000,917242000000,917533000000,917827000000,918155000000,918505000000,918849000000,920709000000,922843000000,925579000000,928864000000,932199000000,934410000000,939622000000,943030000000,946346000000,949890000000,952970000000,955271000000,958575000000,962339000000,965033000000,969389000000,974418000000,978424000000,981851000000,984503000000,986920000000,990887000000,994256000000,997793000000,1001340000000,1003490000000,1005810000000,1009840000000,1012590000000,1014850000000,1019000000000,1021680000000,1024730000000,1027490000000,1029930000000,1031660000000,1034260000000,1037180000000,1041340000000,1042600000000,1043120000000,1046740000000,1046450000000,1046940000000,1044480000000,1044640000000,1046900000000,1044460000000,1044710000000,1046490000000,1046800000000,1047620000000,1046420000000,1047930000000,1049650000000,1051470000000,1053960000000,1057620000000,1058620000000,1060320000000,1064990000000,1068280000000,1074000000000,1079340000000,1083580000000,1090980000000,1095210000000,1101210000000,1108350000000,1113190000000,1128480000000,1139470000000,1143810000000,1153650000000,1165180000000,1184860000000,1183070000000,1213870000000,1225770000000,1233860000000,1272900000000,1237280000000,1279550000000,1297730000000,1325520000000,1319990000000,1293490000000,1370110000000,1403790000000,1373410000000,1402250000000,1415290000000,1447990000000,1478970000000,1486610000000,1475790000000,1512810000000,1495390000000,1510990000000,1587360000000,1606280000000,1617870000000,1657980000000,1696740000000,1732750000000,1745680000000,1803250000000,1817850000000,1761440000000,1866370000000,1823010000000,1896810000000,1943810000000,1941330000000,2001150000000,2039490000000,2080890000000,2103590000000,2150710000000,2210330000000,2204390000000,2199450000000,2253980000000,2223580000000,2263840000000,2344940000000,2467470000000,2501200000000,2514970000000,2586490000000,2639230000000,2654900000000,2585680000000,2564930000000,2480060000000,2113250000000,2063370000000,2097730000000,2171510000000,2215210000000,2260340000000,2434170000000,2594510000000,2790650000000,2832760000000,2971820000000,3147280000000,3245930000000,3358490000000,3465850000000,3637790000000,3708780000000,3913160000000,4180060000000,4553390000000,4780220000000,5036940000000,5322540000000,5681640000000,6196970000000,6650190000000,6987600000000,7346070000000,7894930000000,8072990000000,8331960000000,8712490000000,9112290000000,9513260000000,9856770000000,10122000000000,10457300000000,10749400000000,11155800000000,11659800000000,12128800000000,12565300000000,13214500000000,14061600000000,14658700000000,15379500000000,15983200000000,16739000000000,17411100000000,18227200000000,19204900000000,20254700000000,20972600000000,21120000000000,21896900000000,23011800000000,23730800000000,24661900000000,25959000000000,27614700000000,29259700000000,31150500000000,33337900000000,34685500000000,35744500000000,38266100000000,40518800000000,42580500000000,44791400000000,47144700000000,49575200000000,52285700000000,54930300000000,57638800000000,59876500000000,59052200000000,62815700000000,65354800000000,68016500000000,70751900000000,73642200000000,76614800000000,79816900000000,83403700000000,87350600000000,88268500000000,90229000000000,92208600000000,94206600000000,96221300000000,98252500000000,100300000000000,102365000000000,104447000000000,106544000000000,108654000000000,110777000000000,112912000000000,115056000000000,117207000000000,119361000000000,121517000000000,123672000000000,125821000000000,127963000000000,130093000000000,132211000000000,134315000000000,136404000000000,138477000000000,140534000000000,142574000000000,144599000000000,146610000000000,148607000000000,150591000000000,152565000000000,154532000000000,156492000000000,158447000000000,160394000000000,162336000000000,164272000000000,166202000000000,168126000000000,170044000000000,171953000000000,173853000000000,175741000000000,177618000000000,179479000000000,181321000000000,183144000000000,184945000000000,186724000000000,188482000000000,190217000000000,191931000000000,193627000000000,195303000000000,196959000000000,198596000000000,200216000000000,201820000000000,203409000000000,204982000000000,206537000000000,208074000000000,209591000000000,211088000000000,212565000000000,214018000000000,215446000000000,216848000000000,218225000000000,219576000000000
Asia,GDP_growth,NA,-0.16,-0.28,-0.28,-0.28,-0.28,-0.28,-0.28,-0.28,-0.28,-0.14,-0.11,-0.06,-0.01,-0.02,-0.15,0.15,-0.05,-0.07,-0.05,-0.1,-0.14,-0.03,-0.1,-0.22,-0.05,0.01,-0.1,-0.17,-0.26,-0.29,-0.15,-0.21,-0.21,-0.21,-0.35,-0.34,-0.17,-0.3,-0.34,-0.15,-0.29,-0.24,-0.27,-0.3,-0.38,-0.3,-0.27,-0.16,-0.42,-0.48,-0.1,-0.46,-0.37,-0.65,-0.41,-0.21,-0.66,-0.41,-0.27,-0.42,-0.38,-0.57,-0.32,-0.31,-0.3,-0.24,-0.13,-0.38,-0.3,-0.01,-0.13,0.11,0.08,-0.02,0.26,-0.03,0.13,0.23,-0.05,0.81,0.34,-0.32,0.08,0.22,0.9,-0.93,1.8,0.19,-0.06,2.48,-3.39,2.85,0.92,1.63,-0.92,-2.5,5.38,1.93,-2.74,1.43,0.21,1.51,1.28,-0.34,-1.57,1.63,-2.01,0.16,4.23,0.49,0.12,1.94,1.89,1.68,0.3,2.85,0.38,-3.55,5.32,-3.05,3.14,1.46,-1.25,1.92,0.76,0.87,-0.06,1.07,1.55,-1.51,-1.51,1.11,-2.71,0.41,2.15,3.77,-0.04,-0.84,1.57,0.93,-0.36,-3.39,-1.43,-3.89,-15.31,-2.99,0.94,2.72,0.93,0.7,5.5,4.4,5.35,-0.6,2.69,3.64,0.91,1.23,0.93,2.6,-0.36,3.1,4.36,6.42,2.61,3.06,3.35,4.38,6.65,4.94,2.75,2.79,5.07,-0.03,0.92,2.27,2.29,2.11,1.35,0.44,0.98,0.48,1.54,2.29,1.81,1.41,2.96,4.21,2.12,2.8,1.86,2.73,2.14,2.86,3.51,3.59,1.73,-1.02,1.95,3.34,1.41,2.26,3.61,4.72,4.34,4.85,5.41,2.52,1.58,5.52,4.38,3.64,3.8,3.88,3.79,4.14,3.78,3.69,2.68,-2.46,5.31,3.14,3.06,2.85,2.94,2.93,3.11,3.44,3.7,0.08,1.26,1.26,1.25,1.25,1.24,1.24,1.23,1.23,1.23,1.22,1.22,1.22,1.21,1.2,1.19,1.18,1.17,1.16,1.15,1.13,1.11,1.1,1.08,1.07,1.05,1.03,1.02,1.01,1,0.99,0.98,0.98,0.97,0.97,0.97,0.97,0.96,0.96,0.96,0.96,0.96,0.96,0.95,0.95,0.94,0.94,0.93,0.92,0.91,0.91,0.9,0.89,0.88,0.88,0.87,0.87,0.86,0.86,0.85,0.85,0.84,0.84,0.83,0.83,0.82,0.81,0.81,0.8,0.79,0.78
Europe,Income_per_person,6679.320081,6683.508465,6751.50687,6771.738631,6830.978161,6843.683035,6874.479485,6919.926962,6896.2434,6933.648628,6922.042544,6911.570832,6931.088687,7066.862311,7120.646415,7243.625703,7224.345617,7312.283732,7459.645259,7490.077732,7657.15549,7794.85855,7819.366808,7929.863319,8086.066991,8071.638148,8076.121663,8163.362845,8175.212993,8242.712023,8269.207068,8358.563545,8536.149287,8545.297437,8624.299919,8850.119834,8825.678131,8834.489755,8996.220735,8926.208813,9125.114144,9136.306173,9079.468739,9147.226288,9340.46067,9352.580079,9303.325831,9386.946204,9371.345954,9445.832962,9465.829878,9521.013891,9728.459516,9668.221121,9784.94038,9705.064669,9935.670353,10158.76808,10220.72493,10149.08712,10363.57518,10176.23774,10267.96842,10606.47425,10669.20074,10670.955,10689.48978,10581.90181,10862.41455,10941.32517,10981.7805,11001.37248,11242.58326,11283.08964,11598.40791,11702.78742,11537.11912,11628.45129,11660.00698,11428.89971,11724.49159,11897.63241,12092.374,12229.85243,12214.6668,12201.33473,12220.47023,12587.83526,12743.1023,12791.13952,12846.2432,12723.25795,12900.96468,13190.38585,13715.86545,13761.68319,14130.97056,14183.83861,14567.22633,14942.67696,14990.38945,14916.31453,15148.4185,15130.08458,15382.13091,15364.41156,15500.25836,15642.98091,15645.64942,15899.00956,16039.4238,16262.26254,16616.8604,16905.25788,15804.66861,15649.74083,15659.33848,14844.59733,13665.65761,12883.74055,13167.12233,13159.70954,14199.71357,14184.62373,15273.79915,16239.52144,16486.8799,17114.95738,17666.92056,18039.81373,17661.13835,16795.67554,16144.92245,16472.95494,17001.87272,17639.32546,18182.06162,19070.11141,19420.32307,20057.21571,19478.20511,19295.3909,18862.54628,18408.23441,17643.05672,15976.89353,15354.51638,16193.73974,17361.42913,18435.07133,19395.72424,20036.25772,20418.70718,21045.16621,21650.99119,22631.61606,23275.68821,23813.15,24130.28446,24533.87907,25592.58207,26565.21729,27337.38421,28025.05026,29103.38885,29975.19821,30848.5376,31561.26989,32714.62501,33686.84172,34826.37838,35561.7624,36401.76589,37868.50157,38338.63077,38008.61991,38859.16158,39320.81972,39771.36479,40253.20069,40299.86954,39963.26031,39784.22275,39947.82082,40143.63397,40296.73776,40738.19067,41085.94589,41739.85537,42147.48181,41701.2751,40742.30903,39084.54792,37676.82397,36891.2385,36978.71378,36972.64526,37487.40816,37731.48119,38199.70605,39408.77029,39726.30108,39851.99968,40104.34382,40972.86321,41574.57485,42707.39941,43823.75409,43710.66704,40785.79551,41200.28839,41817.61406,41420.52983,41130.59692,41103.47246,41169.31113,41292.94308,41942.16411,42322.87976,42520.83296,39790.76624,41687.35271,42062.8875,41424.56642,41225.76284,41264.6914,41306.71807,41519.43197,41870.40082,42345.95207,41338.02513,41362.83785,41384.99964,41404.02514,41419.7184,41431.07642,41438.54288,41442.39229,41443.18223,41441.5384,41436.77542,41428.85289,41418.32336,41404.40458,41386.19195,41364.31965,41338.65484,41309.26688,41276.45407,41239.83992,41199.56909,41155.51796,41107.5661,41056.31271,41002.45264,40945.69714,40886.02066,40824.01184,40760.77248,40696.61817,40632.0202,40567.6819,40503.70773,40441.23334,40380.18913,40320.43701,40262.34766,40205.71026,40151.04696,40098.78759,40049.02226,40001.57337,39956.04388,39912.46655,39871.21846,39832.28659,39795.44689,39760.83497,39728.28776,39697.27736,39668.11355,39641.05618,39615.73198,39592.5247,39571.45442,39552.57331,39536.13771,39521.89344,39509.60157,39499.26102,39490.9402,39484.72719,39480.38648,39477.92493,39476.84651,39476.68202,39477.82223,39480.33551,39484.188219999996,39489.06956,39495.07567
Europe,GDP_total,461492000000,462642000000,468258000000,470615000000,475737000000,477672000000,480921000000,485253000000,484788000000,488668000000,489529000000,490456000000,493661000000,505333000000,511221000000,522155000000,522892000000,531437000000,544400000000,549170000000,564323000000,577734000000,583134000000,595331000000,611146000000,614222000000,619178000000,630598000000,636319000000,646374000000,653221000000,664710000000,683291000000,688417000000,699261000000,722213000000,724895000000,730348000000,748583000000,747721000000,769600000000,775952000000,776649000000,788167000000,810732000000,817780000000,819513000000,833050000000,837905000000,851079000000,859639000000,871805000000,898360000000,900579000000,919446000000,919993000000,950229000000,980269000000,995150000000,997019000000,1027120000000,1017350000000,1035370000000,1078620000000,1094280000000,1103850000000,1115300000000,1113620000000,1153060000000,1171620000000,1186360000000,1199180000000,1236600000000,1252440000000,1299300000000,1323130000000,1316530000000,1339360000000,1355610000000,1341290000000,1389060000000,1423020000000,1460190000000,1491040000000,1503620000000,1516600000000,1533830000000,1595460000000,1631080000000,1653050000000,1675850000000,1675260000000,1714110000000,1768150000000,1855010000000,1877910000000,1945680000000,1970640000000,2042320000000,2114410000000,2141280000000,2151390000000,2206500000000,2226080000000,2286150000000,2306830000000,2351100000000,2397260000000,2422570000000,2485920000000,2531140000000,2588680000000,2667050000000,2734950000000,2578030000000,2573760000000,2596340000000,2481740000000,2304080000000,2191280000000,2260700000000,2280310000000,2484420000000,2505580000000,2724600000000,2926160000000,3001130000000,3147740000000,3283950000000,3389030000000,3353020000000,3222380000000,3129640000000,3225690000000,3362930000000,3524310000000,3671200000000,3892460000000,4008340000000,4188580000000,4109370000000,4108740000000,4052780000000,3992780000000,3865750000000,3529270000000,3409960000000,3623780000000,3930550000000,4226850000000,4509870000000,4733920000000,4907610000000,5151890000000,5402260000000,5759170000000,6041050000000,6303660000000,6516190000000,6757940000000,7185490000000,7594510000000,7953440000000,8297640000000,8769830000000,9191200000000,9625380000000,10023500000000,10576300000000,11085500000000,11668100000000,12135100000000,12651700000000,13402800000000,13817100000000,13953200000000,14535700000000,14979800000000,15422400000000,15878000000000,16146400000000,16229700000000,16390600000000,16737200000000,17120800000000,17484300000000,17968600000000,18417700000000,19013000000000,19519200000000,19619000000000,19466800000000,19023700000000,18713700000000,18669100000000,19025000000000,19320400000000,19893200000000,20327000000000,20893000000000,21869800000000,22360200000000,22788900000000,23309200000000,24170300000000,24894500000000,25956700000000,27013400000000,27377500000000,25989400000000,26669900000000,27476300000000,27641900000000,27891100000000,28303100000000,28773700000000,29289500000000,30185000000000,30901700000000,31504900000000,29916800000000,31778600000000,32613000000000,32638100000000,32865900000000,33297700000000,33749100000000,34355200000000,35086500000000,35931500000000,35510900000000,35965600000000,36417200000000,36865000000000,37308300000000,37746900000000,38180600000000,38609800000000,39034500000000,39454100000000,39868300000000,40277300000000,40680700000000,41078000000000,41468500000000,41851800000000,42227300000000,42594500000000,42952800000000,43301300000000,43639900000000,43968200000000,44285800000000,44592900000000,44889500000000,45175600000000,45451100000000,45716800000000,45973300000000,46220700000000,46459800000000,46691400000000,46916100000000,47134600000000,47347300000000,47554300000000,47755800000000,47952300000000,48144500000000,48332500000000,48516200000000,48695700000000,48871200000000,49042800000000,49210300000000,49374000000000,49533700000000,49689300000000,49840600000000,49987900000000,50131300000000,50270500000000,50405700000000,50537000000000,50664700000000,50788500000000,50908600000000,51025200000000,51138100000000,51247500000000,51353700000000,51456500000000,51555500000000,51651000000000,51742500000000,51829800000000,51913000000000,51991900000000,52066500000000,52136900000000,52202800000000
Europe,GDP_growth,NA,0.06,1.02,0.3,0.87,0.19,0.45,0.66,-0.34,0.54,-0.17,-0.15,0.28,1.96,0.76,1.73,-0.27,1.22,2.02,0.41,2.23,1.8,0.31,1.41,1.97,-0.18,0.06,1.08,0.15,0.83,0.32,1.08,2.12,0.11,0.92,2.62,-0.28,0.1,1.83,-0.78,2.23,0.12,-0.62,0.75,2.11,0.13,-0.53,0.9,-0.17,0.79,0.21,0.58,2.18,-0.62,1.21,-0.82,2.38,2.25,0.61,-0.7,2.11,-1.81,0.9,3.3,0.59,0.02,0.17,-1.01,2.65,0.73,0.37,0.18,2.19,0.36,2.79,0.9,-1.42,0.79,0.27,-1.98,2.59,1.48,1.64,1.14,-0.12,-0.11,0.16,3.01,1.23,0.38,0.43,-0.96,1.4,2.24,3.98,0.33,2.68,0.37,2.7,2.58,0.32,-0.49,1.56,-0.12,1.67,-0.12,0.88,0.92,0.02,1.62,0.88,1.39,2.18,1.74,-6.51,-0.98,0.06,-5.2,-7.94,-5.72,2.2,-0.06,7.9,-0.11,7.68,6.32,1.52,3.81,3.23,2.11,-2.1,-4.9,-3.87,2.03,3.21,3.75,3.08,4.88,1.84,3.28,-2.89,-0.94,-2.24,-2.41,-4.16,-9.44,-3.9,5.47,7.21,6.18,5.21,3.3,1.91,3.07,2.88,4.53,2.85,2.31,1.33,1.67,4.32,3.8,2.91,2.52,3.85,3,2.91,2.31,3.65,2.97,3.38,2.11,2.36,4.03,1.24,-0.86,2.24,1.19,1.15,1.21,0.12,-0.84,-0.45,0.41,0.49,0.38,1.1,0.85,1.59,0.98,-1.06,-2.3,-4.07,-3.6,-2.09,0.24,-0.02,1.39,0.65,1.24,3.17,0.81,0.32,0.63,2.17,1.47,2.72,2.61,-0.26,-6.69,1.02,1.5,-0.95,-0.7,-0.07,0.16,0.3,1.57,0.91,0.47,-6.42,4.77,0.9,-1.52,-0.48,0.09,0.1,0.51,0.85,1.14,-2.38,0.06,0.05,0.05,0.04,0.03,0.02,0.01,0,0,-0.01,-0.02,-0.03,-0.03,-0.04,-0.05,-0.06,-0.07,-0.08,-0.09,-0.1,-0.11,-0.12,-0.12,-0.13,-0.14,-0.15,-0.15,-0.15,-0.16,-0.16,-0.16,-0.16,-0.15,-0.15,-0.15,-0.14,-0.14,-0.14,-0.13,-0.12,-0.12,-0.11,-0.11,-0.1,-0.1,-0.09,-0.09,-0.08,-0.08,-0.07,-0.07,-0.06,-0.06,-0.05,-0.05,-0.04,-0.04,-0.03,-0.03,-0.02,-0.02,-0.01,-0.01,0,0,0,0.01,0.01,0.01,0.02
The Americas,Income_per_person,116.7520849,118.3269548,119.8468649,119.6512437,120.1983361,122.342005,124.3259432,125.6150196,121.733129,125.2720844,127.8111575,129.717332,130.0079343,132.2566673,135.1987114,136.4677829,135.0850231,136.5950602,138.606216,140.0782924,141.3330881,144.1369594,148.7059422,150.1292064,154.9013657,159.740016,163.0780956,166.4688467,169.3380527,169.0495471,180.0151761,190.5561826,199.7429498,209.0877644,207.3721076,217.2970603,224.0878854,224.4051193,227.6070381,239.8596391,237.6954076,241.1931743,246.2825196,254.5562461,270.2902923,280.6617947,288.9611765,302.1200561,315.8851962,318.4789463,329.1681847,350.0162319,372.1656189,402.3889345,415.6033657,422.5665656,440.2361179,450.3665913,466.2786753,488.7970849,512.8611196,518.2858261,541.05318,581.1007412,609.4472029,601.1224455,612.6087268,643.1795404,664.8610076,695.5702047,693.6131768,720.8734569,743.6818316,773.3598467,769.4357682,796.0277745,800.3532829,819.7877607,844.2384034,926.3166312,1010.216708,1038.778654,1096.049977,1115.513879,1136.643272,1137.113525,1164.744638,1203.682678,1203.365437,1262.147635,1277.909923,1320.165228,1415.669802,1350.757814,1321.244434,1455.584006,1425.339132,1522.374792,1552.198296,1664.761857,1689.012126,1847.843247,1852.620786,1931.260217,1910.014906,2032.813979,2227.718099,2253.797874,2094.215191,2286.084319,2288.041759,2327.435075,2400.82295,2435.749188,2218.584102,2246.273346,2485.857653,2412.996424,2568.929534,2576.56618,2545.110227,2451.017075,2567.490924,2838.739351,2887.054443,2933.146171,3082.21202,3105.750296,3156.364037,3292.774467,2998.544292,2784.329526,2410.397786,2358.976415,2539.074387,2799.370572,3025.407212,3219.911204,3066.997435,3237.260497,3458.21085,3845.99759,4166.346126,4459.832725,4727.186341,4628.087138,4322.963431,4249.546151,4405.070721,4309.71584,4582.933869,4809.29994,4885.541528,4989.327617,4910.482173,5141.812689,5174.034174,5205.566397,5125.762612,5342.403027,5474.776482,5594.869423,5808.810796,5892.325572,6091.428853,6304.388076,6524.75415,6565.710606,6746.939176,6850.624084,6827.40122,6954.364106,7197.589342,7501.731836,7479.200586,7415.958758,7688.679418,7910.175157,8188.068946,8402.479106,8422.175988,8445.253522,8165.676255,8186.469911,8546.375156,8717.419996,8864.987882,9000.620661,9126.320115,9207.04204,9172.021298,9097.191549,9254.802282,9416.213187,9693.89493,9779.750021,10013.30053,10360.09508,10631.86965,10865.30377,11165.81252,11135.33086,11151.34913,11302.70559,11664.33428,11959.38641,12240.77252,12467.00034,12479.96102,12027.48373,12332.04723,12553.65453,12755.23822,12929.59425,13075.61987,13204.76147,13208.19884,13366.27224,13591.68753,13723.76219,13034.23224,13790.23052,14095.49105,14318.36097,14506.70333,14742.05128,15005.91653,15315.4632,15661.02622,16056.47188,16039.61156,16251.82526,16465.78549,16681.29774,16898.20744,17116.19058,17335.10119,17554.60367,17774.12432,17993.91297,18214.11034,18434.60931,18655.66306,18877.47294,19100.43431,19324.89789,19551.14904,19779.59837,20010.66322,20244.98422,20482.82943,20724.35655,20969.89372,21219.59371,21473.70343,21732.20145,21995.03046,22261.96555,22532.49144,22806.17839,23082.51252,23360.71177,23640.5417,23921.54622,24202.84906,24484.14118,24764.82887,25044.43914,25323.13384,25600.34253,25875.56208,26149.24712,26421.32426,26691.77506,26960.67005,27227.98397,27494.44513,27760.49345,28026.0866,28291.08779,28555.19914,28818.42426,29080.6221,29341.90881,29602.32096,29861.31261,30118.77982,30374.49616,30628.2471,30880.16631,31129.89266,31377.62183,31623.65747,31867.97516,32110.72485,32352.18547,32592.9441,32832.98235,33072.00184,33309.95636,33547.30634
The Americas,GDP_total,47832381020,48698538468,49549359001,49694909334,50151119225,51280161334,52351757461,53138691250,51734694293,53485398980,55013508199,56288576806,56941534606,58537018388,60475924590,61699499839,61737109369,63111600968,64750200104,66119612288,67362358888,69318919581,72112160064,73363694549,76280487897,79272145379,81556339937,83899020401,86009614058,86442157172,92575485823,98456745818,103584000000,108720000000,108120000000,113605000000,117479000000,117973000000,119994000000,126796000000,125978000000,128149000000,131164000000,135879000000,144612000000,150516000000,155339000000,162810000000,170653000000,172252000000,178002000000,188941000000,200280000000,215596000000,221722000000,224493000000,232924000000,237334000000,244764000000,255747000000,267626000000,269905000000,281357000000,301929000000,316416000000,311879000000,317643000000,333315000000,344393000000,360548000000,360191000000,375454000000,388913000000,406528000000,406575000000,422834000000,427378000000,440084000000,455636000000,502665000000,551248000000,570052000000,604962000000,619336000000,634811000000,638867000000,658326000000,684452000000,688442000000,726591000000,740386000000,769895000000,831142000000,798480000000,786418000000,872372000000,860176000000,925137000000,949856000000,1025980000000,1048450000000,1155470000000,1167100000000,1225870000000,1221600000000,1310060000000,1446670000000,1474850000000,1380990000000,1519690000000,1533840000000,1573990000000,1638490000000,1678140000000,1543080000000,1577240000000,1762140000000,1726860000000,1856660000000,1879000000000,1871220000000,1815200000000,1913730000000,2127770000000,2176170000000,2223400000000,2349660000000,2381090000000,2433740000000,2554180000000,2340600000000,2187700000000,1906910000000,1879590000000,2037610000000,2262640000000,2462930000000,2640140000000,2532890000000,2693000000000,2898010000000,3246980000000,3543930000000,3822470000000,4082610000000,4027710000000,3791140000000,3755540000000,3923130000000,3875830000000,4170510000000,4447870000000,4599580000000,4787830000000,4803790000000,5131140000000,5263200000000,5400160000000,5423070000000,5734380000000,5925030000000,6100590000000,6430030000000,6678840000000,7074980000000,7488870000000,7919800000000,8131960000000,8532190000000,8854010000000,9015770000000,9371880000000,9886120000000,10497400000000,10650300000000,10729000000000,11286100000000,11772500000000,12352100000000,12853300000000,13072400000000,13305700000000,13067100000000,13299300000000,14083400000000,14577800000000,15054000000000,15531400000000,15999100000000,16391300000000,16592000000000,16698400000000,17198700000000,17703500000000,18432000000000,18798100000000,19446000000000,20320300000000,21056100000000,21721800000000,22533200000000,22681800000000,22919900000000,23438200000000,24405600000000,25246600000000,26067000000000,26784700000000,27051400000000,26303700000000,27213400000000,27951400000000,28663400000000,29324900000000,29925300000000,30482900000000,30748900000000,31382000000000,32153700000000,32678200000000,31205200000000,33154800000000,34019800000000,34694300000000,35287900000000,35995100000000,36770800000000,37657800000000,38632900000000,39731300000000,39806700000000,40446400000000,41088000000000,41731200000000,42374900000000,43018000000000,43660300000000,44301200000000,44939100000000,45574200000000,46205900000000,46833600000000,47458000000000,48077900000000,48693500000000,49304600000000,49910600000000,50512200000000,51108500000000,51700300000000,52287300000000,52868900000000,53446500000000,54020800000000,54592100000000,55160300000000,55725700000000,56288800000000,56849300000000,57407000000000,57962000000000,58514200000000,59063700000000,59610500000000,60153900000000,60692800000000,61226500000000,61754500000000,62276600000000,62791600000000,63298200000000,63797700000000,64289000000000,64770200000000,65240900000000,65700900000000,66150300000000,66589300000000,67017900000000,67435500000000,67841700000000,68237000000000,68621900000000,68996900000000,69362500000000,69718400000000,70065500000000,70403700000000,70733300000000,71055200000000,71368800000000,71674600000000,71973500000000,72265200000000,72549800000000,72827600000000,73099400000000,73364600000000,73621700000000,73871100000000,74113000000000
The Americas,GDP_growth,NA,1.35,1.28,-0.16,0.46,1.78,1.62,1.04,-3.09,2.91,2.03,1.49,0.22,1.73,2.22,0.94,-1.01,1.12,1.47,1.06,0.9,1.98,3.17,0.96,3.18,3.12,2.09,2.08,1.72,-0.17,6.49,5.86,4.82,4.68,-0.82,4.79,3.13,0.14,1.43,5.38,-0.9,1.47,2.11,3.36,6.18,3.84,2.96,4.55,4.56,0.82,3.36,6.33,6.33,8.12,3.28,1.68,4.18,2.3,3.53,4.83,4.92,1.06,4.39,7.4,4.88,-1.37,1.91,4.99,3.37,4.62,-0.28,3.93,3.16,3.99,-0.51,3.46,0.54,2.43,2.98,9.72,9.06,2.83,5.51,1.78,1.89,0.04,2.43,3.34,-0.03,4.88,1.25,3.31,7.23,-4.59,-2.18,10.17,-2.08,6.81,1.96,7.25,1.46,9.4,0.26,4.24,-1.1,6.43,9.59,1.17,-7.08,9.16,0.09,1.72,3.15,1.45,-8.92,1.25,10.67,-2.93,6.46,0.3,-1.22,-3.7,4.75,10.56,1.7,1.6,5.08,0.76,1.63,4.32,-8.94,-7.14,-13.43,-2.13,7.63,10.25,8.07,6.43,-4.75,5.55,6.83,11.21,8.33,7.04,5.99,-2.1,-6.59,-1.7,3.66,-2.16,6.34,4.94,1.59,2.12,-1.58,4.71,0.63,0.61,-1.53,4.23,2.48,2.19,3.82,1.44,3.38,3.5,3.5,0.63,2.76,1.54,-0.34,1.86,3.5,4.23,-0.3,-0.85,3.68,2.88,3.51,2.62,0.23,0.27,-3.31,0.25,4.4,2,1.69,1.53,1.4,0.88,-0.38,-0.82,1.73,1.74,2.95,0.89,2.39,3.46,2.62,2.2,2.77,-0.27,0.14,1.36,3.2,2.53,2.35,1.85,0.1,-3.63,2.53,1.8,1.61,1.37,1.13,0.99,0.03,1.2,1.69,0.97,-5.02,5.8,2.21,1.58,1.32,1.62,1.79,2.06,2.26,2.53,-0.11,1.32,1.32,1.31,1.3,1.29,1.28,1.27,1.25,1.24,1.22,1.21,1.2,1.19,1.18,1.18,1.17,1.17,1.17,1.17,1.17,1.18,1.18,1.19,1.2,1.2,1.21,1.21,1.22,1.21,1.21,1.21,1.2,1.19,1.18,1.16,1.15,1.13,1.11,1.09,1.08,1.06,1.04,1.02,1.01,0.99,0.98,0.97,0.96,0.95,0.93,0.92,0.91,0.9,0.89,0.87,0.86,0.85,0.84,0.82,0.81,0.8,0.78,0.77,0.76,0.75,0.74,0.74,0.73,0.72,0.71
