,country,region,iso2c,iso3c,year,gdp_per_capita,military_percent_gdp,labor_force,umemploy_rate,population,pop_density_sqkm,net_migration,land_area,women_parliament_prop,cellular_sub_per100,birth_rate_per1000,mortality_rate_per1000,life_expectancy,capital,longitude,latitude,income
1,Afghanistan,South Asia,AF,AFG,2020,510.7870634,1.358856927,9060510,11.71,39068979,59.90061635,143634,652230,27.01612903,58.1902139,36.051,37.4,62.575,Kabul,69.1761,34.5228,Low income
4,Albania,Europe & Central Asia,AL,ALB,2020,5370.778623,1.295835703,1352399,11.69,2837849,103.5711314,-16680,27400,29.50819672,91.35050062,10.285,7.2,76.989,Tirane,19.8172,41.3317,Upper middle income
5,Algeria,Middle East & North Africa,DZ,DZA,2020,3743.541952,6.65871083,12046917,14.057,44042091,18.49155345,-10798,2381741,25.75757576,104.842178,22.431,15.9,74.453,Algiers,3.05097,36.7397,Lower middle income
6,American Samoa,East Asia & Pacific,AS,ASM,2020,14489.25866,NA,NA,NA,49761,248.805,-653,200,NA,NA,12.7,NA,NA,Pago Pago,-170.691,-14.2846,Upper middle income
7,Andorra,Europe & Central Asia,AD,AND,2020,37361.09007,NA,NA,NA,77380,164.6382979,572,470,46.42857143,103.4491634,NA,1.5,NA,Andorra la Vella,1.5218,42.5075,High income
8,Angola,Sub-Saharan Africa,AO,AGO,2020,1449.922867,1.736993958,13743846,16.69,33451132,26.8317414,7556,1246700,30,43.81009059,39.271,27.1,62.261,Luanda,13.242,-8.81155,Lower middle income
9,Antigua and Barbuda,Latin America & Caribbean,AG,ATG,2020,15360.45442,NA,NA,NA,91846,208.7409091,0,440,11.11111111,198.5668652,12.16,5.7,78.841,Saint John's,-61.8456,17.1175,High income
11,Argentina,Latin America & Caribbean,AR,ARG,2020,8535.59938,0.734111594,19317784,11.461,45191965,16.51336651,292,2736690,40.85603113,121.6001889,14.125,5.9,75.892,Buenos Aires,-58.4173,-34.6118,Upper middle income
12,Armenia,Europe & Central Asia,AM,ARM,2020,4268.680933,4.982543724,1476483,18.175,2961500,104.0217773,-13046,28470,23.48484848,124.3508359,12.455,5.9,72.173,Yerevan,44.509,40.1596,Upper middle income
13,Aruba,Latin America & Caribbean,AW,ABW,2020,22855.93232,NA,NA,NA,108587,603.2611111,0,180,NA,132.2887836,8.102,NA,75.723,Oranjestad,-70.0167,12.5167,High income
14,Australia,East Asia & Pacific,AU,AUS,2020,51791.54018,2.010656405,13599459,6.456,25649248,3.334526951,44447,7692020,30.46357616,105.231579,11.5,2.4,83.2,Canberra,149.129,-35.282,High income
15,Austria,Europe & Central Asia,AT,AUT,2020,48716.40989,0.884127145,4607853,5.201,8916864,108.0570044,39601,82520,39.3442623,120.3155961,9.4,2.2,81.19268293,Vienna,16.3798,48.2201,High income
16,Azerbaijan,Europe & Central Asia,AZ,AZE,2020,4229.910649,5.241526025,5197914,7.24,10093121,122.1247368,1073,82646,17.3553719,100.577047,12.5,9.9,66.868,Baku,49.8932,40.3834,Upper middle income
17,"Bahamas, The",Latin America & Caribbean,BS,BHS,2020,25155.67254,NA,218012,12.027,395863,39.54675325,0,10010,12.82051282,114.6450432,11.49,7.9,72.677,Nassau,-77.339,25.0661,High income
18,Bahrain,Middle East & North Africa,BH,BHR,2020,24342.84446,4.04564951,820626,1.781,1472204,1875.419108,-5048,785,15,119.86485,12.621,2.9,79.174,Manama,50.5354,26.1921,High income
19,Bangladesh,South Asia,BD,BGD,2020,2248.850788,1.244689509,70410966,5.436,166298024,1277.544934,-1002522,130170,20.91690544,105.2911628,18.053,18.8,71.968,Dhaka,90.4113,23.7055,Lower middle income
20,Barbados,Latin America & Caribbean,BB,BRB,2020,18347.11091,NA,147279,9.777,281698,655.1116279,0,430,20,105.0970277,10.859,7.6,77.393,Bridgetown,-59.6105,13.0935,High income
21,Belarus,Europe & Central Asia,BY,BLR,2020,6542.86454,1.403258599,4980288,4.049,9379952,46.21121293,-33954,202980,40,121.490553,9.47,1,72.45721951,Minsk,27.5766,53.9678,Upper middle income
22,Belgium,Europe & Central Asia,BE,BEL,2020,45906.28758,1.012484707,5124712,5.545,11538604,378.3893225,43777,30494,41.33333333,99.72332827,9.9,2.3,80.69512195,Brussels,4.36761,50.8371,High income
23,Belize,Latin America & Caribbean,BZ,BLZ,2020,5227.193638,1.251121406,179096,10.784,390812,17.13336256,64,22810,9.677419355,66.84898207,17.881,9.1,72.854,Belmopan,-88.7713,17.2534,Upper middle income
24,Benin,Sub-Saharan Africa,BJ,BEN,2020,1197.501364,0.458762015,5605830,1.502,13070169,115.9113959,1729,112760,7.228915663,88.11818884,37.114,29.6,60.088,Porto-Novo,2.6323,6.4779,Lower middle income
25,Bermuda,North America,BM,BMU,2020,106973.1757,NA,NA,NA,64382,1192.259259,286,54,NA,106.2002186,8.4,NA,81.136,Hamilton,-64.706,32.3293,High income
26,Bhutan,South Asia,BT,BTN,2020,3191.66907,NA,400199,5.03,770006,20.1889355,287,38140,14.89361702,96.4571149,12.65,13.8,71.609,Thimphu,89.6177,27.5768,Lower middle income
27,Bolivia,Latin America & Caribbean,BO,BOL,2020,3099.94219,1.392047445,5939447,7.903,11816299,10.90768854,-4663,1083300,46.15384615,98.89563329,22.056,13.7,64.467,La Paz,-66.1936,-13.9908,Lower middle income
28,Bosnia and Herzegovina,Europe & Central Asia,BA,BIH,2020,6130.311332,0.827298283,1390332,15.868,3299349,64.44041016,-26840,51200,26.19047619,105.7638198,8.611,4.5,76.225,Sarajevo,18.4214,43.8607,Upper middle income
29,Botswana,Sub-Saharan Africa,BW,BWA,2020,6323.314192,3.334787687,980428,21.017,2365894,4.174640481,-11330,566730,10.76923077,150.3850531,24.195,20.7,65.647,Gaborone,25.9201,-24.6544,Upper middle income
30,Brazil,Latin America & Caribbean,BR,BRA,2020,7074.193783,1.326660269,100001874,13.697,208660842,24.96498527,-78437,8358140,14.61988304,96.54706819,13.078,8.8,74.009,Brasilia,-47.9292,-15.7801,Upper middle income
31,British Virgin Islands,Latin America & Caribbean,VG,VGB,2020,NA,NA,NA,NA,37135,247.5666667,888,150,NA,113.7593012,7.448,7.3,75.849,Road Town,-64.623056,18.431389,High income
32,Brunei Darussalam,East Asia & Pacific,BN,BRN,2020,26834.35925,3.634291769,224617,7.409,447404,84.89639469,462,5270,9.090909091,121.4758051,14.165,5.1,74.795,Bandar Seri Begawan,114.946,4.94199,High income
33,Bulgaria,Europe & Central Asia,BG,BGR,2020,10198.53883,1.593461166,3306399,5.125,6934015,63.87265107,30167,108560,26.66666667,113.849275,8.5,3,73.65853659,Sofia,23.3238,42.7105,Upper middle income
34,Burkina Faso,Sub-Saharan Africa,BF,BFA,2020,825.2370388,2.132018076,6192649,5.04,21478690,78.50398392,-5661,273600,6.299212598,102.7626369,36.085,25.5,59.731,Ouagadougou,-1.53395,12.3605,Low income
35,Burundi,Sub-Saharan Africa,BI,BDI,2020,210.0081399,2.185913284,5256748,1.03,12617036,491.3176012,-10189,25680,38.21138211,54.26373457,35.603,20.8,61.566,Bujumbura,29.3639,-3.3784,Low income
36,Cabo Verde,Sub-Saharan Africa,CV,CPV,2020,3539.22662,0.618818771,202693,14.69,514679,127.7119107,-3362,4030,25,93.49323768,17.158,9.2,74.808,Praia,-23.5087,14.9218,Lower middle income
37,Cambodia,East Asia & Pacific,KH,KHM,2020,2081.739142,2.395559548,9480039,0.172,16725474,94.75115568,0,176520,20,128.6026166,19.849,13.1,70.416,Phnom Penh,104.874,11.5556,Lower middle income
38,Cameroon,Sub-Saharan Africa,CM,CMR,2020,1555.603707,0.964407323,9926535,3.87,26210558,55.44743712,-9888,472710,33.88888889,84.36916915,35.507,27.3,60.833,Yaounde,11.5174,3.8721,Lower middle income
39,Canada,North America,CA,CAN,2020,43537.8393,1.400835686,20505333,9.657,38028638,4.241621355,256592,8965590,28.99408284,85.40841921,9.5,3.4,81.6604878,Ottawa,-75.6919,45.4215,High income
41,Cayman Islands,Latin America & Caribbean,KY,CYM,2020,82338.79829,NA,NA,NA,68684,286.1833333,810,240,NA,148.5663349,12.4,NA,NA,George Town,-81.3857,19.3022,High income
42,Central African Republic,Sub-Saharan Africa,CF,CAF,2020,462.8790713,1.859142002,1874715,6.196,5026628,8.068682783,-24745,622980,8.571428571,34.26900891,42.175,32.7,54.604,Bangui,21.6407,5.63056,Low income
44,Chad,Sub-Saharan Africa,TD,TCD,2020,622.0955434,3.005164419,5320890,1.707,17224679,13.67906528,36605,1259200,15.43209877,52.19169152,43.849,32.7,52.777,N'Djamena,15.0445,12.1048,Low income
45,Channel Islands,Europe & Central Asia,JG,CHI,2020,56785.94024,NA,81811,6.863,166235,839.5707071,858,198,NA,NA,10.01092845,NA,81.264,,,,High income
46,Chile,Latin America & Caribbean,CL,CHL,2020,13114.81547,2.0637755,8906788,10.934,19370624,26.0521726,26042,743532,22.58064516,129.8851806,11.834,4.5,79.377,Santiago,-70.6475,-33.475,High income
47,China,East Asia & Pacific,CN,CHN,2020,10408.71955,1.756699471,763830073,5,1411100000,150.3055428,-91577,9388210,24.94117647,120.5961882,8.52,3.5,78.077,Beijing,116.286,40.0495,Upper middle income
48,Colombia,Latin America & Caribbean,CO,COL,2020,5339.687114,3.536986516,25151123,15.983,50629997,45.63316539,227130,1109500,18.34319527,132.8719623,14.435,7.1,74.769,Bogota,-74.082,4.60987,Upper middle income
49,Comoros,Sub-Saharan Africa,KM,COM,2020,1527.16991,NA,242808,4.471,802163,431.0386889,-1766,1861,16.66666667,96.95013186,29.896,26.8,64.166,Moroni,43.2418,-11.6986,Lower middle income
50,"Congo, Dem. Rep.",Sub-Saharan Africa,CD,COD,2020,507.5212301,0.743310282,32851843,5.345,95989998,42.34136786,-1633,2267050,12.8,43.93861689,42.311,26.8,59.739,Kinshasa,15.3222,-4.325,Low income
51,"Congo, Rep.",Sub-Saharan Africa,CG,COG,2020,1993.586672,2.601187266,2240426,22.198,5752791,16.84565447,-4472,341500,11.25827815,98.52300193,31.155,18.9,63.785,Brazzaville,15.2662,-4.2767,Lower middle income
52,Costa Rica,Latin America & Caribbean,CR,CRI,2020,12394.0494,NA,2419014,16.432,5034320,98.59616138,1029,51060,45.61403509,146.6370492,12.152,6.5,79.277,San Jose,-84.0089,9.63701,Upper middle income
53,Cote d'Ivoire,Sub-Saharan Africa,CI,CIV,2020,2179.729348,0.989482627,10870521,2.584,28915449,90.92908491,-12390,318000,11.37254902,149.543339,34.197,29.8,59.032,Yamoussoukro,-4.0305,5.332,Lower middle income
54,Croatia,Europe & Central Asia,HR,HRV,2020,14808.46202,1.702561337,1708121,7.507,3914206,69.9464975,-8552,55960,31.12582781,106.805903,8.9,2.9,77.72439024,Zagreb,15.9614,45.8069,High income
55,Cuba,Latin America & Caribbean,CU,CUB,2020,9605.261251,NA,4836553,2.24,11176354,107.6720039,-11976,103800,53.2231405,58.95001353,9.344,3.4,77.567,Havana,-82.3667,23.1333,Upper middle income
56,Curacao,Latin America & Caribbean,CW,CUW,2020,16356.09336,NA,NA,NA,154947,348.9797297,992,444,NA,89.81023625,8.7,NA,NA,Willemstad,,,High income
57,Cyprus,Europe & Central Asia,CY,CYP,2020,28649.01563,1.920171746,719491,7.755,1302247,140.9358225,9653,9240,19.64285714,139.6351351,10.583,1.9,81.391,Nicosia,33.3736,35.1676,High income
58,Czechia,NA,CZ,CZE,2020,23472.89155,1.322449949,5343016,2.55,10697858,138.5759288,4336,77198.53,22.5,123.4438209,10.3,1.5,78.17560976,NA,NA,NA,NA
59,Denmark,Europe & Central Asia,DK,DNK,2020,60985.48856,1.377131121,3032016,5.637,5831404,145.7851,10851,40000,39.66480447,124.4957422,10.4,2.3,81.60243902,Copenhagen,12.5681,55.6763,High income
60,Djibouti,Middle East & North Africa,DJ,DJI,2020,2881.999245,NA,237430,27.713,1105188,47.67851596,1300,23180,26.15384615,39.81402662,22.477,29.9,62.694,Djibouti,43.1425,11.5806,Lower middle income
61,Dominica,Latin America & Caribbean,DM,DMA,2020,7461.779332,NA,NA,NA,67573,90.09733333,-225,750,34.375,103.6294691,13.301,24.9,73.649,Roseau,-61.39,15.2976,Upper middle income
62,Dominican Republic,Latin America & Caribbean,DO,DOM,2020,7162.291752,0.746231922,4805608,6.126,11008300,228.3973491,-17957,48198.02,27.89473684,81.72601454,18.78,23.4,72.889,Santo Domingo,-69.8908,18.479,Upper middle income
67,Ecuador,Latin America & Caribbean,EC,ECU,2020,5463.645096,2.373122496,7739432,6.127,17546065,70.64770897,-10320,248360,39.41605839,88.04208636,17.037,6.7,72.153,Quito,-78.5243,-0.229498,Upper middle income
68,"Egypt, Arab Rep.",Middle East & North Africa,EG,EGY,2020,3511.11381,1.122475503,30264331,7.974,109315124,109.8147813,6016,995450,27.41116751,88.73336258,23.051,10.2,70.99,Cairo,31.2461,30.0982,Lower middle income
69,El Salvador,Latin America & Caribbean,SV,SLV,2020,3997.192796,1.37945779,2606548,5.008,6234673,300.9012066,-25213,20720,33.33333333,158.1030557,16.188,6.2,71.061,San Salvador,-89.2073,13.7034,Lower middle income
70,Equatorial Guinea,Sub-Saharan Africa,GQ,GNQ,2020,5764.055029,1.640829959,615098,8.781,1716468,61.19315508,0,28050,21,46.62018522,31.174,29.1,60.708,Malabo,8.7741,3.7523,Upper middle income
71,Eritrea,Sub-Saharan Africa,ER,ERI,2020,NA,NA,1511734,6.088,3291271,27.19141159,-14967,121040.829,NA,50.64867425,28.706,17.6,67.133,Asmara,38.9183,15.3315,Low income
72,Estonia,Europe & Central Asia,EE,EST,2020,23933.99394,2.296756834,700345,6.956,1329522,31.09992982,3694,42750,28.71287129,144.8567221,9.9,0.9,78.59512195,Tallinn,24.7586,59.4392,High income
73,Eswatini,Sub-Saharan Africa,SZ,SWZ,2020,3442.321653,1.860819063,375658,32.944,1192729,69.3447093,-4242,17200,9.589041096,105.8184652,24.615,23.5,59.692,Mbabane,31.4659,-26.5225,Lower middle income
74,Ethiopia,Sub-Saharan Africa,ET,ETH,2020,905.3131758,0.521624297,49112032,3.994,118917671,105.3700909,38866,1128571.4,38.75685558,37.97222807,32.78,28.8,65.371,Addis Ababa,38.7468,9.02274,Low income
80,Faroe Islands,Europe & Central Asia,FO,FRO,2020,62236.08666,NA,NA,NA,52571,38.48535871,548,1366,NA,112.9695698,13.1,NA,82.89756098,Torshavn,-6.91181,61.8926,High income
81,Fiji,East Asia & Pacific,FJ,FJI,2020,4844.42129,1.589325586,372158,4.649,914963,50.08007663,-6008,18270,19.60784314,107.7223274,19.628,13,67.924,Suva,178.399,-18.1149,Upper middle income
82,Finland,Europe & Central Asia,FI,FIN,2020,48828.68469,1.425822768,2744481,7.759,5529543,18.19287688,17504,303940,46,128.7646479,8.4,1.4,81.93170732,Helsinki,24.9525,60.1608,High income
84,France,Europe & Central Asia,FR,FRA,2020,39169.8606,1.996477743,30289755,8.009,67601110,123.4594937,145593,547557,39.51473137,112.8271405,10.9,2.5,82.17560976,Paris,2.35097,48.8566,High income
85,French Polynesia,East Asia & Pacific,PF,PYF,2020,20746.27204,NA,118613,12.951,279209,80.44050706,-1443,3471,NA,110.9565448,12.924,NA,82.217,Papeete,-149.57,-17.535,High income
86,Gabon,Sub-Saharan Africa,GA,GAB,2020,6605.803461,1.72005327,703587,21.27,2322539,9.013618194,1506,257670,14.78873239,133.0177927,27.695,19.5,66.531,Libreville,9.45162,0.38832,Upper middle income
87,"Gambia, The",Sub-Saharan Africa,GM,GMB,2020,720.3351434,0.80932491,697573,5.892,2515733,248.5902174,-1949,10120,8.620689655,104.038819,33.719,25.7,62.612,Banjul,-16.5885,13.4495,Low income
88,Georgia,Europe & Central Asia,GE,GEO,2020,4300.857013,1.805477831,1864522,11.73,3722716,65.13027048,-2738,69490,20.66666667,135.4280451,12.966,5.4,72.765,Tbilisi,44.793,41.71,Upper middle income
89,Germany,Europe & Central Asia,DE,DEU,2020,47379.76519,1.374271755,43372704,3.881,83160871,238.0173188,203468,349390,31.17066291,128.8867207,9.3,2.3,81.04146341,Berlin,13.4115,52.5235,High income
90,Ghana,Sub-Saharan Africa,GH,GHA,2020,2196.547893,0.350949234,12912046,3.313,31887809,140.1477124,-291,227530,13.09090909,125.7336966,28.038,22.2,64.114,Accra,-0.20795,5.57045,Lower middle income
91,Gibraltar,Europe & Central Asia,GI,GIB,2020,NA,NA,NA,NA,36173,3617.3,514,10,NA,108.3465819,10.844,NA,82.198,,,,High income
92,Greece,Europe & Central Asia,GR,GRC,2020,17886.73317,3.069343545,4596339,15.899,10698599,82.99921645,6353,128900,21.66666667,108.5687131,7.9,2.4,81.28780488,Athens,23.7166,37.9792,High income
93,Greenland,Europe & Central Asia,GL,GRL,2020,54693.07668,NA,NA,NA,56367,0.13732976,-328,410450,NA,117.7274837,14.8,NA,71.85073171,Nuuk,-51.7214,64.1836,High income
94,Grenada,Latin America & Caribbean,GD,GRD,2020,8968.558901,NA,NA,NA,116341,342.1794118,0,340,46.66666667,96.03519242,16.288,10.1,74.924,Saint George's,-61.7449,12.0653,Upper middle income
95,Guam,East Asia & Pacific,GU,GUM,2020,36482.9364,NA,73195,6.248,162158,300.2925926,-244,540,NA,NA,16.363,NA,76.612,Agana,144.794,13.4443,High income
96,Guatemala,Latin America & Caribbean,GT,GTM,2020,4477.617618,0.44101759,6537776,2.955,17357325,161.9757839,-23927,107160,19.375,117.4393951,21.816,11,71.797,Guatemala City,-90.5328,14.6248,Upper middle income
97,Guinea,Sub-Saharan Africa,GN,GIN,2020,1053.660977,1.476887051,4051852,6.018,13371183,54.41633974,-4365,245720,16.66666667,104.466802,34.944,31.9,59.327,Conakry,-13.7,9.51667,Low income
98,Guinea-Bissau,Sub-Saharan Africa,GW,GNB,2020,817.7803357,1.625377639,744255,2.89,2013255,71.59512802,-1394,28120,13.7254902,94.94153271,31.605,35.2,59.999,Bissau,-15.1804,11.8037,Low income
99,Guyana,Latin America & Caribbean,GY,GUY,2020,6775.709391,1.402577411,288627,15.334,807481,4.102011684,-1743,196850,35.71428571,107.375546,20.473,17.2,68.486,Georgetown,-58.1548,6.80461,Upper middle income
100,Haiti,Latin America & Caribbean,HT,HTI,2020,1290.325387,0.103094179,4942605,15.546,11243848,407.9770682,-33850,27560,NA,64.73094691,23.936,25,64.052,Port-au-Prince,-72.3288,18.5392,Lower middle income
103,Honduras,Latin America & Caribbean,HN,HND,2020,2307.614943,1.437530645,4137487,10.982,10119640,90.44275628,-6199,111890,21.09375,68.76918576,21.353,9.8,71.462,Tegucigalpa,-87.4667,15.1333,Lower middle income
104,"Hong Kong SAR, China",East Asia & Pacific,HK,HKG,2020,46109.22999,NA,3914381,5.808,7481000,7124.761905,-1800,1050,NA,291.4989659,5.8,NA,85.49634146,,114.109,22.3964,High income
105,Hungary,Europe & Central Asia,HU,HUN,2020,16131.95404,1.760069365,4873326,4.25,9750149,106.8392395,9147,91260,12.06030151,105.9697831,9.6,2.2,75.56829268,Budapest,19.0408,47.4984,High income
107,Iceland,Europe & Central Asia,IS,ISL,2020,59023.56635,NA,218943,5.478,366463,3.634463949,2498,100830,38.0952381,114.9221778,12.3,1.4,83.06341463,Reykjavik,-21.8952,64.1353,High income
112,India,South Asia,IN,IND,2020,1907.042516,2.807193874,532528354,7.859,1402617695,471.7551502,-73806,2973190,14.36464088,82.621059,16.572,20.2,70.15,New Delhi,77.225,28.6353,Lower middle income
113,Indonesia,East Asia & Pacific,ID,IDN,2020,3853.702888,0.886277729,137375390,4.255,274814866,146.3712836,-18743,1877519,20.34782609,130.8110952,16.649,11.5,68.808,Jakarta,106.83,-6.19752,Lower middle income
114,"Iran, Islamic Rep.",Middle East & North Africa,IR,IRN,2020,2988.781224,2.167920054,27655908,9.687,87723443,54.06683698,-180680,1622500,5.594405594,146.2076628,14.231,8.2,74.832,Tehran,51.4447,35.6878,Lower middle income
115,Iraq,Middle East & North Africa,IQ,IRQ,2020,4295.189451,3.132321736,10284906,15.778,42116605,97.01425616,29858,434128,26.443769,88.05916556,27.732,14.3,69.123,Baghdad,44.394,33.3302,Upper middle income
116,Ireland,Europe & Central Asia,IE,IRL,2020,87567.1149,0.267555214,2433372,5.623,4985382,72.36728117,15746,68890,22.5,105.8205231,11.2,2.1,82.55609756,Dublin,-6.26749,53.3441,High income
117,Isle of Man,Europe & Central Asia,IM,IMN,2020,79513.53303,NA,NA,NA,84064,147.4807018,219,570,NA,NA,8.605,NA,80.588,Douglas,-4.47928,54.1509,High income
118,Israel,Middle East & North Africa,IL,ISR,2020,44679.77158,5.29504519,4204894,4.169,9215100,425.836414,16573,21640,27.5,140.1086384,19.2,1.8,82.64878049,,35.2035,31.7717,High income
119,Italy,Europe & Central Asia,IT,ITA,2020,32091.48666,1.738983981,25002925,9.164,59438851,200.9991005,85281,295717,35.71428571,130.3870472,6.8,1.7,82.19512195,Rome,12.4823,41.8955,High income
120,Jamaica,Latin America & Caribbean,JM,JAM,2020,4879.440246,1.706470699,1457816,6.501,2830739,261.379409,0,10830,28.57142857,101.8728665,11.813,14.1,71.869,Kingston,-76.792,17.9927,Upper middle income
121,Japan,East Asia & Pacific,JP,JPN,2020,40040.76551,1.01744793,68656452,2.809,126261000,346.3950617,42001,364500,9.892473118,155.7389638,6.8,0.8,84.56,Tokyo,139.77,35.67,High income
122,Jordan,Middle East & North Africa,JO,JOR,2020,4022.040136,4.717575676,2914902,19.213,10865228,122.364439,6745,88794,11.53846154,63.94061117,22.265,8.8,75.184,Amman,35.9263,31.9497,Upper middle income
123,Kazakhstan,Europe & Central Asia,KZ,KAZ,2020,8781.507978,0.907188676,9821603,4.89,19482117,7.216400711,-8716,2699700,27.10280374,128.0024709,22.76,4.8,71.37,Astana,71.4382,51.1879,Upper middle income
124,Kenya,Sub-Saharan Africa,KE,KEN,2020,1927.66459,1.108434196,21254171,5.619,52217334,91.74778438,-17111,569140,21.7765043,118.1263492,27.998,21,62.675,Nairobi,36.8126,-1.27975,Lower middle income
125,Kiribati,East Asia & Pacific,KI,KIR,2020,1769.432118,NA,NA,NA,126099,155.6777778,0,810,8.888888889,43.22257718,27.645,23.4,67.266,Tarawa,172.979,1.32905,Lower middle income
126,"Korea, Dem. People's Rep.",East Asia & Pacific,KP,PRK,2020,NA,NA,17099031,2.948,26136312,217.060975,-1585,120410,17.61280932,23.19515861,13.333,8.9,73.274,Pyongyang,125.754,39.0319,Low income
127,"Korea, Rep.",East Asia & Pacific,KR,KOR,2020,31721.29891,2.803321622,28369827,3.931,51836239,531.1090061,112631,97600,19,136.0094467,5.3,1.4,83.42682927,Seoul,126.957,37.5323,High income
128,Kosovo,Europe & Central Asia,XK,XKX,2020,4310.888247,1.023037391,NA,NA,1790152,NA,2815,NA,NA,NA,11.181,7.9,76.567,Pristina,20.926,42.565,Upper middle income
129,Kuwait,Middle East & North Africa,KW,KWT,2020,25236.07555,6.567730005,2400180,3.557,4400267,246.9285634,-168379,17820,6.349206349,155.2673535,11.797,4.9,76.92,Kuwait City,47.9824,29.3721,High income
130,Kyrgyz Republic,Europe & Central Asia,KG,KGZ,2020,1229.517757,1.577174999,2923295,4.63,6726595.5,35.07088373,54704,191800,16.52173913,132.4695239,24,12.1,71.8,Bishkek,74.6057,42.8851,Lower middle income
131,Lao PDR,East Asia & Pacific,LA,LAO,2020,2583.777307,NA,3157302,2.361,7346533,31.83073224,-10305,230800,27.51677852,63.34796067,22.449,21.3,68.497,Vientiane,102.177,18.5826,Lower middle income
133,Latin America & Caribbean,NA,ZJ,LCN,2020,7444.660734,1.293406035,292325402,10.21428164,645497618,32.20503522,-598237,20043375.63,32.75779376,102.9,15.11676447,9.5,73.0265164,NA,NA,NA,NA
136,Latvia,Europe & Central Asia,LV,LVA,2020,17564.23215,2.162111015,982851,8.098,1900449,30.53911297,-3147,62230,30,108.1340417,9.2,2,75.18536585,Riga,24.1048,56.9465,High income
138,Lebanon,Middle East & North Africa,LB,LBN,2020,5561.19167,3.032645417,1857947,13.284,5702398,557.4191593,-47787,10230,4.6875,75.72450204,15.332,9.3,77.804,Beirut,35.5134,33.8872,Lower middle income
139,Lesotho,Sub-Saharan Africa,LS,LSO,2020,918.5825774,1.881799231,819139,18.399,2235727,73.64054677,-3449,30360,23.33333333,69.32469722,26.378,36.6,54.693,Maseru,27.7167,-29.5208,Lower middle income
140,Liberia,Sub-Saharan Africa,LR,LBR,2020,616.787867,0.97340596,2296176,4.109,5149463,53.46203281,-10107,96320,12.32876712,32.49086403,31.708,31,60.948,Monrovia,-10.7957,6.30039,Low income
141,Libya,Middle East & North Africa,LY,LBY,2020,6650.338106,NA,2416283,19.613,7045399,4.004114143,-694,1759540,15.95744681,174.6934374,18.302,5.9,72.472,Tripoli,13.1072,32.8578,Upper middle income
142,Liechtenstein,Europe & Central Asia,LI,LIE,2020,164671.0936,NA,NA,NA,38901,243.13125,269,160,12,126.1404686,9.1,NA,81.65853659,Vaduz,9.52148,47.1411,High income
143,Lithuania,Europe & Central Asia,LT,LTU,2020,20541.82499,2.065238584,1486515,8.487,2794885,44.63246567,19884,62620,26.95035461,130.2002612,9,2,74.97804878,Vilnius,25.2799,54.6896,High income
147,Luxembourg,Europe & Central Asia,LU,LUX,2020,116905.3704,0.578077082,318373,6.766,630419,244.8742649,6967,2574.46,30,132.9505076,10.2,1.7,82.14390244,Luxembourg,6.1296,49.61,High income
148,"Macao SAR, China",East Asia & Pacific,MO,MAC,2020,36976.25611,NA,401991,2.566,685400,20832.82675,8842,32.9,NA,412.9927856,10.128,NA,85.184,,113.55,22.1667,High income
149,Madagascar,Sub-Saharan Africa,MG,MDG,2020,450.7716152,0.673153896,14580621,3.284,28953556,49.76547955,-1480,581800,17.8807947,56.2228538,31.343,24.1,65.182,Antananarivo,45.7167,-20.4667,Low income
150,Malawi,Sub-Saharan Africa,MW,MWI,2020,602.5074782,0.834281208,7585652,5.728,19533888,207.190157,-2655,94280,22.91666667,51.6315658,33.233,19.6,63.717,Lilongwe,33.7703,-13.9899,Low income
151,Malaysia,East Asia & Pacific,MY,MYS,2020,9957.526267,0.99965392,16875265,4.54,33889558,103.1488601,101907,328550,14.86486486,131.6976181,15.417,4.3,75.938,Kuala Lumpur,101.684,3.12433,Upper middle income
152,Maldives,South Asia,MV,MDV,2020,7393.888654,NA,248221,5.434,502118,1673.726667,9642,300,4.597701149,139.513022,14.576,4.3,79.875,Male,73.5109,4.1742,Upper middle income
153,Mali,Sub-Saharan Africa,ML,MLI,2020,804.3439567,3.399558214,7540126,3.528,21713836,17.79545481,-14962,1220190,27.89115646,119.2779414,41.995,33.9,58.633,Bamako,-7.50034,13.5667,Low income
154,Malta,Middle East & North Africa,MT,MLT,2020,31796.82134,0.566881931,276411,4.347,515332,1610.4125,6904,320,13.43283582,122.8511054,8.6,4,82.34878049,Valletta,14.5189,35.9042,High income
155,Marshall Islands,East Asia & Pacific,MH,MHL,2020,5661.967873,NA,NA,NA,42706,237.2555556,-2004,180,6.060606061,36.85447091,20.006,14.2,64.977,Majuro,171.135,7.11046,Upper middle income
156,Mauritania,Sub-Saharan Africa,MR,MRT,2020,1795.764596,2.389269181,1050360,11.054,4600131,4.463113418,-1483,1030700,20.26143791,129.1269247,33.427,23.1,64.532,Nouakchott,-15.9824,18.2367,Lower middle income
157,Mauritius,Sub-Saharan Africa,MU,MUS,2020,9011.042884,0.161615351,593579,8.626,1266014,633.9579369,-5895,1997,20,147.3924126,10.6,10.1,74.17707317,Port Louis,57.4977,-20.1605,Upper middle income
158,Mexico,Latin America & Caribbean,MX,MEX,2020,8841.27075,0.717897861,52956486,4.44,126799054,65.22752849,-147456,1943950,48.2,97.53972081,15.565,8.4,70.133,Mexico City,-99.1276,19.427,Upper middle income
159,"Micronesia, Fed. Sts.",East Asia & Pacific,FM,FSM,2020,3353.88943,NA,NA,NA,110916,158.4514286,-680,700,0,19.62428416,20.837,13.5,70.674,Palikir,158.185,6.91771,Lower middle income
164,Moldova,Europe & Central Asia,MD,MDA,2020,4375.778893,0.385463278,1469067,1.186,2635130,91.74732605,-33405,32884.6,24.75247525,110.876909,12.481,10.8,70.166,Chisinau,28.8497,47.0167,Upper middle income
165,Monaco,Europe & Central Asia,MC,MCO,2020,176891.8865,NA,NA,NA,38050,18771.58362,999,2.027,33.33333333,96.10801148,NA,1.6,NA,Monaco,7.41891,43.7325,High income
166,Mongolia,East Asia & Pacific,MN,MNG,2020,4001.251931,0.709909469,1386214,6.594,3327204,2.136237218,0,1557506.803,17.33333333,132.467372,22.405,8.1,72.141,Ulaanbaatar,106.937,47.9129,Lower middle income
167,Montenegro,Europe & Central Asia,ME,MNE,2020,7677.371321,1.73802726,255265,17.878,621306,46.19375465,-3310,13450,22.22222222,171.7021595,11.4,1.2,75.93170732,Podgorica,19.2595,42.4602,Upper middle income
168,Morocco,Middle East & North Africa,MA,MAR,2020,3268.030273,3.979697643,11913631,11.223,36584208,81.97223392,-35474,446300,20.50632911,133.893994,17.889,11.4,73.92,Rabat,-6.8704,33.9905,Lower middle income
169,Mozambique,Sub-Saharan Africa,MZ,MOZ,2020,462.4338765,2.033950104,13199887,3.921,30783688,39.14607187,-25864,786380,42.4,49.59621356,36.974,26.8,61.172,Maputo,32.5713,-25.9664,Low income
170,Myanmar,East Asia & Pacific,MM,MMR,2020,1490.216835,2.990475889,23870997,1.476,53016522,81.23021129,-66213,652670,16.82539683,147.0303762,17.363,22.1,66.797,Naypyidaw,95.9562,21.914,Lower middle income
171,Namibia,Sub-Saharan Africa,NA,NAM,2020,3878.58983,3.480152592,992910,21.004,2728762,3.314460275,27056,823290,43.26923077,116.4327399,27.876,19.8,62.829,Windhoek,17.0931,-22.5648,Upper middle income
172,Nauru,East Asia & Pacific,NR,NRU,2020,10695.69933,NA,NA,NA,11643,582.15,-214,20,10.52631579,81.20178644,28.364,18.2,63.437,Yaren District,166.920867,-0.5477,High income
173,Nepal,South Asia,NP,NPL,2020,1154.215176,1.358534673,7984562,12.975,28966574,202.0688804,162139,143350,32.72727273,130.203706,20.64,18.4,69.246,Kathmandu,85.3157,27.6939,Lower middle income
174,Netherlands,Europe & Central Asia,NL,NLD,2020,53467.92774,1.441263983,9778411,3.82,17441500,518.013068,67598,33670,33.33333333,122.8307665,9.7,2.6,81.35853659,Amsterdam,4.89095,52.3738,High income
175,New Caledonia,East Asia & Pacific,NC,NCL,2020,33270.3306,NA,127351,13.558,284176,15.54573304,-1181,18280,NA,90.78117198,14.7,NA,80.83495122,Noum'ea,166.464,-22.2677,High income
176,New Zealand,East Asia & Pacific,NZ,NZL,2020,41785.69229,1.340842127,2879819,4.595,5090200,19.33158634,42124,263310,48.33333333,123.2134933,11.32,2.6,82.25609756,Wellington,174.776,-41.2865,High income
177,Nicaragua,Latin America & Caribbean,NI,NIC,2020,1931.615158,0.629971871,2940072,6.201,6565267,54.55598305,-10383,120340,47.25274725,88.25160841,20.903,10.2,71.795,Managua,-86.2734,12.1475,Lower middle income
178,Niger,Sub-Saharan Africa,NE,NER,2020,579.5124958,1.733607522,8903463,0.594,23717613,18.72393858,-4402,1266700,16.95906433,58.5157033,45.588,34.9,61.451,Niamey,2.1073,13.514,Low income
179,Nigeria,Sub-Saharan Africa,NG,NGA,2020,2019.657063,0.632022913,99696279,5.742,213996181,234.9618246,-14497,910770,7.222222222,98.03255552,37.467,35.3,52.887,Abuja,7.48906,9.05804,Lower middle income
181,North Macedonia,Europe & Central Asia,MK,MKD,2020,6659.596511,1.24058657,800704,16.575,1856124,73.59730373,-23458,25220,39.16666667,88.20817101,9.2,3.4,74.39512195,Skopje,21.4361,42.0024,Upper middle income
182,Northern Mariana Islands,East Asia & Pacific,MP,MNP,2020,18220.83824,NA,NA,NA,47528,103.3217391,-755,460,NA,NA,NA,NA,NA,Saipan,145.765,15.1935,High income
183,Norway,Europe & Central Asia,NO,NOR,2020,68340.0181,1.965983692,2894981,4.424,5379475,14.76721523,11277,364285,41.42011834,108.285471,9.8,1.4,83.2097561,Oslo,10.7387,59.9138,High income
184,Not classified,NA,XY,,2020,NA,NA,NA,NA,NA,NA,NA,NA,NA,NA,NA,NA,NA,NA,NA,NA,NA
186,Oman,Middle East & North Africa,OM,OMN,2020,16784.86306,8.030242505,2203249,2.94,4522497,14.61226817,-171635,309500,2.325581395,140.0686492,18.791,4.8,74.757,Muscat,58.5874,23.6105,High income
189,Pakistan,South Asia,PK,PAK,2020,1278.397352,3.48667909,75415987,6.127,235001746,304.8486742,-559291,770880,20.1754386,77.3005648,27.967,40.7,66.269,Islamabad,72.8,30.5167,Lower middle income
190,Palau,East Asia & Pacific,PW,PLW,2020,14556.58969,NA,NA,NA,17792,38.67826087,0,460,6.25,133.5410639,12.1,12.2,NA,Koror,134.479,7.34194,Upper middle income
191,Panama,Latin America & Caribbean,PA,PAN,2020,13290.56083,NA,2098423,14.663,4293261,57.87626045,5473,74180,22.53521127,142.2454753,17.919,8.4,76.657,Panama City,-79.5188,8.99427,High income
192,Papua New Guinea,East Asia & Pacific,PG,PNG,2020,2429.611346,0.393261831,3255396,2.883,9815746,21.67501215,10703,452860,0,49.41720925,25.996,21.7,65.787,Port Moresby,147.194,-9.47357,Lower middle income
193,Paraguay,Latin America & Caribbean,PY,PRY,2020,5365.472207,1.027573427,3281326,7.548,6603739,16.62154291,-8226,397300,16.25,118.8308269,20.946,9.9,73.182,Asuncion,-57.6362,-25.3005,Upper middle income
194,Peru,Latin America & Caribbean,PE,PER,2020,6133.325524,1.314865542,16861243,7.179,32838579,25.65513984,55375,1280000,26.15384615,118.176464,17.833,8.2,73.665,Lima,-77.0465,-12.0931,Upper middle income
195,Philippines,East Asia & Pacific,PH,PHL,2020,3227.579102,1.297240039,42533348,2.522,112081264,375.8971862,-47014,298170,27.96052632,133.3257005,22.039,14.4,72.119,Manila,121.035,14.5515,Lower middle income
196,Poland,Europe & Central Asia,PL,POL,2020,15987.57537,2.287485156,18310637,3.155,37899070,123.8005749,3920,306130,28.69565217,128.4226449,9.4,2.7,76.5,Warsaw,21.02,52.26,High income
197,Portugal,Europe & Central Asia,PT,PRT,2020,22299.40441,1.429790701,5138170,6.801,10297081,112.406676,54076,91605.6,40,115.078977,8.2,1.8,80.97560976,Lisbon,-9.13552,38.7072,High income
200,Puerto Rico,Latin America & Caribbean,PR,PRI,2020,31427.42911,NA,1154073,8.89,3281557,369.9613303,-7410,8870,NA,106.8204687,6,NA,78.041,San Juan,-66,18.23,High income
201,Qatar,Middle East & North Africa,QA,QAT,2020,51683.50544,NA,2059100,0.14,2794148,243.1808529,-50433,11490,9.756097561,137.6081235,10.895,3.2,79.099,Doha,51.5082,25.2948,High income
202,Romania,Europe & Central Asia,RO,ROU,2020,13082.30066,2.009504298,8409711,5.035,19265250,83.73283206,-13202,230080,21.88449848,116.1812357,10.3,3.1,74.25365854,Bucharest,26.0979,44.4479,High income
203,Russian Federation,Europe & Central Asia,RU,RUS,2020,10108.32715,4.171478901,73449927,5.62,145245148,8.868919885,334094,16376870,15.77777778,163.5893357,9.8,2.3,71.33878049,Moscow,37.6176,55.7558,Upper middle income
204,Rwanda,Sub-Saharan Africa,RW,RWA,2020,778.7015386,1.473869321,4981285,11.829,13065837,529.6245237,-22251,24670,61.25,80.74026868,30.309,17.7,66.774,Kigali,30.0587,-1.95325,Low income
205,Samoa,East Asia & Pacific,WS,WSM,2020,4099.660091,NA,61844,7.435,211944,76.23884892,-2299,2780,10,32.10362492,27.622,6.6,72.768,Apia,-171.752,-13.8314,Lower middle income
206,San Marino,Europe & Central Asia,SM,SMR,2020,44426.64634,NA,NA,NA,34770,579.5,247,60,33.33333333,114.6822713,6.4,0.7,NA,San Marino,12.4486,43.9322,High income
207,Sao Tome and Principe,Sub-Saharan Africa,ST,STP,2020,2167.220018,NA,30158,9.686,217435,226.4947917,0,960,23.63636364,79.67535824,28.435,7.7,67.785,Sao Tome,6.6071,0.20618,Lower middle income
208,Saudi Arabia,Middle East & North Africa,SA,SAU,2020,23271.40376,8.79217411,14673206,7.66,31552510,14.67770237,-74725,2149690,19.86754967,120.052537,18.238,3.4,76.239,Riyadh,46.6977,24.6748,High income
209,Senegal,Sub-Saharan Africa,SN,SEN,2020,1461.087204,1.411908879,5032015,3.437,16789219,87.20313198,33848,192530,43.03030303,116.079391,33.034,21.6,68.006,Dakar,-17.4734,14.7247,Lower middle income
210,Serbia,Europe & Central Asia,RS,SRB,2020,8098.709557,2.375584634,3157142,9.011,6899126,82.04454751,-10220,84090,38.8,120.2168595,8.9,3.5,74.47804878,Belgrade,20.4656,44.8024,Upper middle income
211,Seychelles,Sub-Saharan Africa,SC,SYC,2020,14041.47541,1.572709146,NA,NA,98462,214.0478261,1726,460,24.24242424,173.8823083,15.8,9.2,77.23658537,Victoria,55.4466,-4.6309,High income
212,Sierra Leone,Sub-Saharan Africa,SL,SLE,2020,845.3138363,0.546605435,2537020,3.508,7912558,109.6225824,1292,72180,12.32876712,83.60731215,31.914,32,59.763,Freetown,-13.2134,8.4821,Low income
213,Singapore,East Asia & Pacific,SG,SGP,2020,61466.80368,2.81188318,3431193,4.1,5685807,7918.951253,-145556,718,29.47368421,142.8931601,8.5,1,83.54390244,Singapore,103.85,1.28941,High income
214,Sint Maarten (Dutch part),Latin America & Caribbean,SX,SXM,2020,30150.89984,NA,NA,NA,41008,1206.117647,519,34,NA,NA,10,NA,74.584,Philipsburg,,,High income
215,Slovak Republic,Europe & Central Asia,SK,SVK,2020,19735.48583,1.922004789,2705756,6.719,5458827,113.5363353,4350,48080,22.66666667,133.5923247,10.4,3,76.86585366,Bratislava,17.1073,48.1484,High income
216,Slovenia,Europe & Central Asia,SI,SVN,2020,25392.06511,1.0585627,1031435,4.971,2102419,104.4088814,28514,20136.4,27.77777778,120.4592752,8.9,1.4,80.53170732,Ljubljana,14.5044,46.0546,High income
218,Solomon Islands,East Asia & Pacific,SB,SLB,2020,2063.331015,NA,382008,0.864,744498,26.59871383,1556,27990,6.382978723,68.57738104,30.223,7.8,70.199,Honiara,159.949,-9.42676,Lower middle income
219,Somalia,Sub-Saharan Africa,SO,SOM,2020,518.1847785,NA,2972858,19.413,16651191,26.54253037,77259,627340,24.36363636,53.48002324,44.007,36.5,55.967,Mogadishu,45.3254,2.07515,Low income
220,South Africa,Sub-Saharan Africa,ZA,ZAF,2020,5580.603831,0.955615163,24183888,29.217,60562381,49.92406252,369901,1213090,46.75,163.1909795,20.326,11.2,65.252,Pretoria,28.1871,-25.746,Upper middle income
223,South Sudan,Sub-Saharan Africa,SS,SSD,2020,NA,2.279879411,4509974,14.319,10698467,16.92982925,62935,631930,28.45953003,12.6718012,29.166,39.6,55.48,Juba,31.6,4.85,Low income
224,Spain,Europe & Central Asia,ES,ESP,2020,27230.35999,1.366645517,22921347,15.532,47365655,94.81538375,236854,499556.645,44,117.4899328,7.2,1.8,82.33170732,Madrid,-3.70327,40.4167,High income
225,Sri Lanka,South Asia,LK,LKA,2020,3846.174496,1.739887333,8485010,5.364,21919000,354.3323634,-29875,61860,5.381165919,136.9116134,14.235,4,76.393,Colombo,79.8528,6.92148,Lower middle income
226,St. Kitts and Nevis,Latin America & Caribbean,KN,KNA,2020,18859.01904,NA,NA,NA,46870,180.2692308,-202,260,25,131.2392427,12.418,10.9,71.627,Basseterre,-62.7309,17.3,High income
227,St. Lucia,Latin America & Caribbean,LC,LCA,2020,8411.199418,NA,77845,25.224,178250,292.2131148,0,610,16.66666667,81.41789921,11.667,11.4,73.416,Castries,-60.9832,14,Upper middle income
228,St. Martin (French part),Latin America & Caribbean,MF,MAF,2020,NA,NA,NA,NA,31786,635.72,-2853,50,NA,NA,15.768,NA,80.149,Marigot,,,High income
229,St. Vincent and the Grenadines,Latin America & Caribbean,VC,VCT,2020,8395.099889,NA,51428,20.636,103526,265.4512821,-493,390,18.18181818,95.91903051,13.071,6.6,72.126,Kingstown,-61.2653,13.2035,Upper middle income
230,Sub-Saharan Africa,NA,ZG,SSF,2020,1474.055311,1.040760691,461764073,6.803309526,1169015451,48.93149262,300153,23890860.23,24.86859012,81,35.01230521,27.7,60.82163664,NA,NA,NA,NA
233,Sudan,Sub-Saharan Africa,SD,SDN,2020,577.7952271,0.978360321,10722637,11.958,46789231,25.0477682,-65933,1868000,NA,79.19626937,34.226,26.8,65.614,Khartoum,32.5363,15.5932,Low income
234,Suriname,Latin America & Caribbean,SR,SUR,2020,4755.392217,NA,239907,8.76,612317,3.81487831,-296,160507.61,29.41176471,148.145421,18.279,11,72.561,Paramaribo,-55.1679,5.8232,Upper middle income
235,Sweden,Europe & Central Asia,SE,SWE,2020,52653.75659,1.146086424,5467680,8.291,10353442,25.42094382,37302,407280,46.99140401,123.3665446,10.9,1.4,82.35609756,Stockholm,18.0645,59.3327,High income
236,Switzerland,Europe & Central Asia,CH,CHE,2020,85897.78433,0.772558973,4988638,4.817,8638167,218.6344696,55523,39509.63,41.5,127.4054064,9.9,2.8,83,Bern,7.44821,46.948,High income
237,Syrian Arab Republic,Middle East & North Africa,SY,SYR,2020,572.3552898,NA,5183937,15.191,21049429,114.6295758,269050,183630,11.2,80.20304156,19.67,10.9,72.14,Damascus,36.3119,33.5146,Low income
238,Tajikistan,Europe & Central Asia,TJ,TJK,2020,834.3117155,0.947973987,2520376,12.321,9749310,70.24504647,-3564,138790,23.80952381,121.3847714,27.53,14,67.994,Dushanbe,68.7864,38.5878,Lower middle income
239,Tanzania,Sub-Saharan Africa,TZ,TZA,2020,1117.415283,1.076796962,27757183,2.781,60972798,68.83359449,-18587,885800,36.71875,83.00888599,36.651,20.7,66.408,Dodoma,35.7382,-6.17486,Lower middle income
240,Thailand,East Asia & Pacific,TH,THA,2020,6985.643939,1.460779281,40252816,1.099,71641484,140.2287851,32277,510890,15.74642127,162.7043297,9.182,4.8,79.274,Bangkok,100.521,13.7308,Upper middle income
241,Timor-Leste,East Asia & Pacific,TL,TLS,2020,1630.869354,1.781690141,558767,2.782,1326053,89.17639543,3793,14870,38.46153846,105.9938692,25.258,22.8,68.475,Dili,125.567,-8.56667,Lower middle income
242,Togo,Sub-Saharan Africa,TG,TGO,2020,853.5782203,2.838985987,2949813,2.225,8669720,159.3991543,-986,54390,18.68131868,77.18623928,32.302,24.5,61.035,Lome,1.2255,6.1228,Low income
243,Tonga,East Asia & Pacific,TO,TON,2020,4700.449328,NA,36048,2.699,105704,146.8111111,-1807,720,7.407407407,58.90512475,23.139,5,70.928,Nuku'alofa,-175.216,-21.136,Upper middle income
244,Trinidad and Tobago,Latin America & Caribbean,TT,TTO,2020,15224.50835,0.863709068,651175,4.206,1366725,266.4181287,427,5130,26.19047619,130.9488475,11.946,10.4,74.406,Port-of-Spain,-61.4789,10.6596,High income
245,Tunisia,Middle East & North Africa,TN,TUN,2020,3548.653637,2.709778373,4214191,17.656,11974057,77.07297245,-19188,155360,24.88479263,122.1279008,16.628,9.4,75.292,Tunis,10.21,36.7899,Lower middle income
246,Turkiye,Europe & Central Asia,TR,TUR,2020,8638.739038,2.431400362,31770146,13.148,83384680,108.3438535,37934,769630,17.31748727,97.61417509,15.033,5.4,75.85,Ankara,32.3606,39.7153,Upper middle income
247,Turkmenistan,Europe & Central Asia,TM,TKM,2020,6592.60146,NA,2223059,4.501,6949912,14.78924946,19913,469930,25,98.62952004,22.294,23.8,68.687,Ashgabat,58.3794,37.9509,Upper middle income
248,Turks and Caicos Islands,Latin America & Caribbean,TC,TCA,2020,17452.6578,NA,NA,NA,44386,46.72210526,682,950,NA,NA,12.685,3.3,75.001,Grand Turk,-71.141389,21.4602778,High income
249,Tuvalu,East Asia & Pacific,TV,TUV,2020,4976.112541,NA,NA,NA,10399,346.6333333,-355,30,6.25,81.30815792,23.632,9.8,64.382,Funafuti,179.089567,-8.6314877,Upper middle income
250,Uganda,Sub-Saharan Africa,UG,UGA,2020,845.7664639,2.73212093,19153050,3.831,44457152,221.7093158,43464,200520,34.8583878,62.35610757,37.252,19.4,62.851,Kampala,32.5729,0.314269,Low income
251,Ukraine,Europe & Central Asia,UA,UKR,2020,3709.769287,4.400314703,20851194,9.475,44680014,77.11428029,-4167,579400,20.80378251,129.3411657,7.8,4.9,71.18512195,Kiev,30.5038,50.4536,Lower middle income
252,United Arab Emirates,Middle East & North Africa,AE,ARE,2020,37173.87541,NA,6178311,4.294,9401038,132.3716981,92541,71020,50,197.8438703,10.62,3,78.946,Abu Dhabi,54.3705,24.4764,High income
253,United Kingdom,Europe & Central Asia,GB,GBR,2020,40201.68124,2.162215913,34416913,4.472,67081234,277.2753854,144221,241930,33.84615385,117.8163133,10.1,2.8,80.35121951,London,-0.126236,51.5002,High income
254,United States,North America,US,USA,2020,64411.37318,3.650513734,166539547,8.055,331526933,36.24267094,329769,9147420,27.46478873,104.9353748,10.9,3.6,76.9804878,Washington D.C.,-77.032,38.8895,High income
255,Upper middle income,NA,XT,,2020,8228.643366,1.691459382,1375980667,6.812169641,2792212417,62.73433806,86821,44508518.03,26.32307442,119.8,12.03752003,6.9,75.23685561,NA,NA,NA,NA
256,Uruguay,Latin America & Caribbean,UY,URY,2020,15789.68574,2.035838356,1669635,10.413,3398968,19.42045481,-1482,175020,21.21212121,132.7256301,10.339,4.7,78.43,Montevideo,-56.0675,-34.8941,High income
257,Uzbekistan,Europe & Central Asia,UZ,UZB,2020,1978.280519,NA,13101591,5.293,33586372,76.22006581,-9208,440650,32,99.58344787,24.6,8.4,70.331,Tashkent,69.269,41.3052,Lower middle income
258,Vanuatu,East Asia & Pacific,VU,VUT,2020,3042.987116,NA,105798,4.046,298858,24.51665299,-201,12190,0,79.00027271,29.939,8.2,70.299,Port-Vila,168.321,-17.7404,Lower middle income
259,"Venezuela, RB",Latin America & Caribbean,VE,VEN,2020,NA,1.575522712,10664160,7.53,28444077,32.24769231,-524649,882050,22.15568862,58.06789032,16.213,15,71.095,Caracas,-69.8371,9.08165,Not classified
260,Viet Nam,NA,VN,VNM,2020,3534.039535,NA,55149609,2.103,98079191,312.9231533,-6457,313429,26.72064777,143.7522156,15.4,10.7,75.378,NA,NA,NA,NA
261,Virgin Islands (U.S.),Latin America & Caribbean,VI,VIR,2020,39787.37417,NA,46759,15.191,106290,303.6857143,0,350,NA,79.64795603,12.1,NA,79.8195122,Charlotte Amalie,-64.8963,18.3358,High income
262,West Bank and Gaza,Middle East & North Africa,PS,PSE,2020,3233.568638,NA,1193390,25.895,4803269,797.8852159,-12369,6020,NA,79.63152961,28.8,9.6,74.403,,,,Lower middle income
264,"Yemen, Rep.",Middle East & North Africa,YE,YEM,2020,559.5646728,NA,6888780,17.953,36134863,68.44112923,-97982,527970,0.332225914,47.01393376,31.252,22.7,64.65,Sana'a,44.2075,15.352,Low income
265,Zambia,Sub-Saharan Africa,ZM,ZMB,2020,951.6443167,1.170496458,6574250,6.033,19059395,25.6384872,8156,743390,16.76646707,100.932458,34.953,25,62.38,Lusaka,28.2937,-15.3982,Low income
266,Zimbabwe,Sub-Saharan Africa,ZW,ZWE,2020,1730.413489,0.997931278,5813811,8.621,15526888,40.13671449,-89440,386850,31.85185185,84.1862743,31.009,25.4,61.124,Harare,31.0672,-17.8312,Lower middle income
